image_id,qr_index,x0,y0,x1,y1,x2,y2,x3,y3,content
perspectiveimage012_jpg.rf.002ba2581f0413a62f2be1cf77e12dd3,,,,,,,,,,
2713553952_jpg.rf.012d9251a83dc9f9bc1dd1c41ff35c01,,,,,,,,,,
2674398444_jpg.rf.0361fce335f75c1f452dde1cbd69af41,0,495.3381652832031,478.2823791503906,569.6618041992188,478.2823791503906,569.6618041992188,614.7176513671875,495.3381652832031,614.7176513671875,ANA080514DHGE38V4TBT246927890   2070031
4534855391_jpg.rf.0326bb148daaa3af4d4ebafb59529913,0,299.3379211425781,88.13121795654297,396.6620788574219,88.13121795654297,396.6620788574219,216.8687744140625,299.3379211425781,216.8687744140625,QR Love
IMG_20220601_164548_jpg.rf.047dab71a8db8ce70dc0e1ce9dda4813,,,,,,,,,,
0425608272_jpg.rf.04f20f3e405a8fd81c1c657321ea8961,0,222.5220489501953,294.59808349609375,389.4779357910156,294.59808349609375,389.4779357910156,386.068603515625,222.5220489501953,386.068603515625,
5055323918_jpg.rf.028fc3ce7195539980374d3bf3a1e55d,0,403.90093994140625,179.12222290039062,468.09906005859375,179.12222290039062,468.09906005859375,257.67779541015625,403.90093994140625,257.67779541015625,
5055323918_jpg.rf.028fc3ce7195539980374d3bf3a1e55d,1,159.50167846679688,399.57574462890625,229.6983184814453,399.57574462890625,229.6983184814453,458.82427978515625,159.50167846679688,458.82427978515625,
IMG_20220601_165032_jpg.rf.03fb73bf91aecf35a79710ae48bf1a66,,,,,,,,,,
4406534026_jpg.rf.04805dda378057735759b285b7e40a86,0,325.4936218261719,74.06458282470703,600.50634765625,74.06458282470703,600.50634765625,523.9354248046875,325.4936218261719,523.9354248046875,MECARD:N:Jason Pinto;TEL:9786949992;EMAIL:jasonp@interlinkONE.com;ADR:;ORG:interlinkONE;;
4247266998_jpg.rf.01e5592eaaa51b1d9e89a2340b583258,0,179.87527465820312,223.48895263671875,501.1247253417969,223.48895263671875,501.1247253417969,386.51104736328125,179.87527465820312,386.51104736328125,
4696436381_jpg.rf.05141f0cdbcbae3fd6f6a78b33e02617,0,290.476806640625,489.2389831542969,368.523193359375,489.2389831542969,368.523193359375,602.760986328125,290.476806640625,602.760986328125,http://qr.westergasfabriek.nl/480
bright_spotsimage016_jpg.rf.06bc78eeb796a4713a45094b94587b4f,,,,,,,,,,
perspectiveimage035_jpg.rf.05fab0e7481d9c46cb88677d1a882b0e,,,,,,,,,,
5208855909_jpg.rf.04a3e9cf5b4b773540a84181bd2df2fb,0,288.2633361816406,164.8130340576172,375.7366638183594,164.8130340576172,375.7366638183594,244.1869659423828,288.2633361816406,244.1869659423828,
5208855909_jpg.rf.04a3e9cf5b4b773540a84181bd2df2fb,1,496.9920959472656,258.1507568359375,543.0079345703125,258.1507568359375,543.0079345703125,360.64923095703125,496.9920959472656,360.64923095703125,http://t4g.fr/ae
5208855909_jpg.rf.04a3e9cf5b4b773540a84181bd2df2fb,2,74.05485534667969,300.14385986328125,109.94514465332031,300.14385986328125,109.94514465332031,380.2561340332031,74.05485534667969,380.2561340332031,
2332977452_jpg.rf.03e5da8c95ee67ee6ebf31164b67a1f7,0,275.62811279296875,276.4721984863281,362.37188720703125,276.4721984863281,362.37188720703125,375.1278076171875,275.62811279296875,375.1278076171875,
2332977452_jpg.rf.03e5da8c95ee67ee6ebf31164b67a1f7,1,304.61126708984375,359.1813049316406,397.38873291015625,359.1813049316406,397.38873291015625,470.0187072753906,304.61126708984375,470.0187072753906,
2332977452_jpg.rf.03e5da8c95ee67ee6ebf31164b67a1f7,2,201.91360473632812,303.2330627441406,291.2864074707031,303.2330627441406,291.2864074707031,408.366943359375,201.91360473632812,408.366943359375,
2332977452_jpg.rf.03e5da8c95ee67ee6ebf31164b67a1f7,3,227.83343505859375,391.4366455078125,323.4999084472656,391.4366455078125,323.4999084472656,508.5633544921875,227.83343505859375,508.5633544921875,
2332977452_jpg.rf.03e5da8c95ee67ee6ebf31164b67a1f7,4,144.83570861816406,425.5001525878906,243.16429138183594,425.5001525878906,243.16429138183594,548.4998779296875,144.83570861816406,548.4998779296875,Dan Burzynski <contax@phrenetic.org>
2332977452_jpg.rf.03e5da8c95ee67ee6ebf31164b67a1f7,5,123.54674530029297,334.46087646484375,215.1199188232422,334.46087646484375,215.1199188232422,443.5391540527344,123.54674530029297,443.5391540527344,Dan Burzynski <contax@phrenetic.org>
v2VCard-BasicWikipedia_png_jpg.rf.0518f90d0bcfe70a5d2806c3ab045d22,0,10.048465728759766,10.048465728759766,627.9515380859375,10.048465728759766,627.9515380859375,627.9515380859375,10.048465728759766,627.9515380859375,"BEGIN:VCARD
VERSION:2.1
N:Gump;Forrest
FN:Forrest Gump12.01
ORG:Bubba Gump Shrimp Co.
TITLE:Shrimp Man
TEL;WORK;VOICE:(111) 555-1212
TEL;HOME;VOICE:(404) 555-1212
ADR;WORK:;;100 Waters Edge;Baytown;LA;30314;United States of America
LABEL;WORK;ENCODING=QUOTED-PRINTABLE:100 Waters Edge=0D=0ABaytown, LA 30314=0D=0AUnited States of America
ADR;HOME:;;42 Plantation St.;Baytown;LA;30314;United States of America
LABEL;HOME;ENCODING=QUOTED-PRINTABLE:42 Plantation St.=0D=0ABaytown, LA 30314=0D=0AUnited States of America
EMAIL;PREF;INTERNET:forrestgump@example.com
REV:20080424T195243Z
END:VCARD
"
curvedimage002_png_jpg.rf.051391ee5b5ad9611c8cc6ce47dd70a5,0,281.8027038574219,242.86380004882812,428.1972961425781,242.86380004882812,428.1972961425781,499.1361999511719,281.8027038574219,499.1361999511719,
pathologicalimage018_png_jpg.rf.0b75037765a4ac2e496b0c47480f83d2,0,23.867713928222656,23.31964874267578,612.1322631835938,23.31964874267578,612.1322631835938,614.6803588867188,23.867713928222656,614.6803588867188,MAILTO:name@myemail.com
5333302839_jpg.rf.05cd0205056b1174b1207e793ddc07b7,0,66.52995300292969,57.99073791503906,160.4700469970703,57.99073791503906,160.4700469970703,184.00926208496094,66.52995300292969,184.00926208496094,
IMG_20220601_163158_jpg.rf.0662aaf63947b59e060cd8fc86e27eff,,,,,,,,,,
3518681490_jpg.rf.07608a49d6c4d47e78902fc342257d57,0,264.51141357421875,235.13345336914062,364.48858642578125,235.13345336914062,364.48858642578125,396.8665466308594,264.51141357421875,396.8665466308594,
3950841244_jpg.rf.07e088834d13d199fe2980656f4ceec8,0,413.328857421875,317.92852783203125,470.671142578125,317.92852783203125,470.671142578125,435.271484375,413.328857421875,435.271484375,
nominalimage005_jpg.rf.0ba726665cc30b7c45205f226de3c798,0,221.94615173339844,63.33264923095703,536.0538330078125,63.33264923095703,536.0538330078125,576.6673583984375,221.94615173339844,576.6673583984375,
monitorimage001_jpg.rf.09f0849c68dfc76342631366a712225e,0,22.65716552734375,134.19198608398438,635.3428344726562,134.19198608398438,635.3428344726562,635.8080444335938,22.65716552734375,635.8080444335938,4376471154038
2595337520_jpg.rf.0a69f7593fdb8c5e36010f5790288061,0,143.40277099609375,240.92918395996094,229.59722900390625,240.92918395996094,229.59722900390625,362.07080078125,143.40277099609375,362.07080078125,http://japan.linkbox.eu
5164857092_jpg.rf.0ae8d2f7d8826455fc2188d15f7460ca,,,,,,,,,,
5240560535_jpg.rf.056d99d3609f86f1fd3078ba8d43e8e4,0,469.5626525878906,528.6182861328125,545.7706909179688,528.6182861328125,545.7706909179688,586.0484008789062,469.5626525878906,586.0484008789062,http://www.jbdollar.com
brightnessimage025_jpg.rf.0a6a830fd54185296a77246bff912a95,0,398.8033142089844,379.0734558105469,506.1966857910156,379.0734558105469,506.1966857910156,458.9265441894531,398.8033142089844,458.9265441894531,Version 2 QR Code Test Image
brightnessimage025_jpg.rf.0a6a830fd54185296a77246bff912a95,1,447.45770263671875,273.3878479003906,538.5422973632812,273.3878479003906,538.5422973632812,342.6121520996094,447.45770263671875,342.6121520996094,Version 1 QR
brightnessimage025_jpg.rf.0a6a830fd54185296a77246bff912a95,2,148.52760314941406,267.5653381347656,324.472412109375,267.5653381347656,324.472412109375,397.4346618652344,148.52760314941406,397.4346618652344,
glareimage019_jpg.rf.0b108cf498358a7ad4c93726d39f28b7,,,,,,,,,,
2973699715_jpg.rf.0a21c2b1ec67852ed9ef548954c15cac,,,,,,,,,,
1168_U7CcC7U2C_jpg.rf.0bdc29dd96d55ead3903d6bb421c84df,0,222.67941284179688,300.76458740234375,411.3205871582031,300.76458740234375,411.3205871582031,477.23541259765625,222.67941284179688,477.23541259765625,
5089690982_jpg.rf.05a364b6eecbd093d33b58bb43be4013,,,,,,,,,,
2593483966_jpg.rf.0b492d7bb148a346421981607542d18f,0,101.04041290283203,330.48883056640625,455.9595947265625,330.48883056640625,455.9595947265625,639.0,101.04041290283203,639.0,
monitorimage015_jpg.rf.0a2ae6fa215ede603997b733b6a65822,0,51.870338439941406,49.41947937011719,582.129638671875,49.41947937011719,582.129638671875,560.5805053710938,51.870338439941406,560.5805053710938,This is a computer generated QR Code
glareimage025_jpg.rf.0807a9eb3cdba8ce4ab398a868f66cd1,0,64.93051147460938,221.1441192626953,339.0694885253906,221.1441192626953,339.0694885253906,468.85589599609375,64.93051147460938,468.85589599609375,
4905458230_jpg.rf.0c42c405aafa290c119950838834e40f,,,,,,,,,,
blurredimage036_jpg.rf.08ffa1d4468f8aa88e6d35d3330cf372,0,85.9419174194336,67.76277160644531,568.05810546875,67.76277160644531,568.05810546875,586.2372436523438,85.9419174194336,586.2372436523438,
rotationsimage026_jpg.rf.0d5e363409ae49b3d5ce65bd23a716bf,0,426.8065490722656,266.6371765136719,544.5267944335938,266.6371765136719,544.5267944335938,418.0295104980469,426.8065490722656,418.0295104980469,
rotationsimage026_jpg.rf.0d5e363409ae49b3d5ce65bd23a716bf,1,94.5825424194336,295.3785705566406,400.0841064453125,295.3785705566406,400.0841064453125,509.9547424316406,94.5825424194336,509.9547424316406,
rotationsimage026_jpg.rf.0d5e363409ae49b3d5ce65bd23a716bf,2,327.65045166015625,207.2692413330078,420.74957275390625,207.2692413330078,420.74957275390625,319.1307678222656,327.65045166015625,319.1307678222656,
perspectiveimage030_jpg.rf.0d235b6d766c26d0356efb5c6fad0c65,,,,,,,,,,
perspectiveimage024_jpg.rf.0e932a5d8c3ca56221d5819521dd9f7c,0,167.77716064453125,166.38243103027344,394.8895263671875,166.38243103027344,394.8895263671875,358.2842712402344,167.77716064453125,358.2842712402344,
4340205893_jpg.rf.0d93acb5204e9592f55d044cfd14e8f1,0,301.0269470214844,460.165283203125,390.17303466796875,460.165283203125,390.17303466796875,552.6347045898438,301.0269470214844,552.6347045898438,
4755868280_jpg.rf.0efd7095747a6f81bfd4cd8b62064483,0,360.1236877441406,326.5920715332031,511.8763122558594,326.5920715332031,511.8763122558594,527.407958984375,360.1236877441406,527.407958984375,
4969805147_jpg.rf.0e4d578db9e83aac30b085118f91abc6,,,,,,,,,,
monitorimage011_jpg.rf.0ddf72230e58b149bee31c0013ff20d2,0,29.69403076171875,10.604148864746094,606.3059692382812,10.604148864746094,606.3059692382812,617.3958740234375,29.69403076171875,617.3958740234375,This is a computer generated QR Code
4933303845_jpg.rf.10881c5699a7e7e53443179e34c7afa4,0,494.9207458496094,347.1903991699219,577.7459106445312,347.1903991699219,577.7459106445312,452.1429443359375,494.9207458496094,452.1429443359375,2420008539
noncompliantimage008_jpg.rf.115f2e1d60ba58fe2b10cad276f90f35,0,10.080474853515625,0.0,639.0,0.0,639.0,639.0,10.080474853515625,639.0,
5327274374_jpg.rf.11419a455c178bcec20f7fdd4f5ce4a9,,,,,,,,,,
4547847651_jpg.rf.0fdad6705cd321c5f2e1949f5c1d5338,0,425.854736328125,532.96484375,513.7452392578125,532.96484375,513.7452392578125,589.8351440429688,425.854736328125,589.8351440429688,
high_versionimage020_jpg.rf.0e101816eb6a1e94b1d2e3c23eade90c,0,49.21673583984375,34.152793884277344,580.7832641601562,34.152793884277344,580.7832641601562,600.8472290039062,49.21673583984375,600.8472290039062,
2728694652_jpg.rf.0dc9f12c4dfc1773a87ba64667be4b3e,0,194.59400939941406,434.42626953125,253.8059844970703,434.42626953125,253.8059844970703,513.9737548828125,194.59400939941406,513.9737548828125,
high_versionimage026_jpg.rf.10cd0419dd3ffa298b76f39b56fc9d03,0,57.633541107177734,31.601327896118164,563.366455078125,31.601327896118164,563.366455078125,578.398681640625,57.633541107177734,578.398681640625,
high_versionimage003_jpg.rf.119d500255d22c072f08461a0dc07362,0,51.13898849487305,79.19598388671875,572.8610229492188,79.19598388671875,572.8610229492188,549.8040161132812,51.13898849487305,549.8040161132812,
blurredimage021_jpg.rf.10e56a03f92681c6f681441c8c2cb2a8,0,104.66939544677734,192.51513671875,313.3305969238281,192.51513671875,313.3305969238281,346.8182067871094,104.66939544677734,346.8182067871094,
blurredimage021_jpg.rf.10e56a03f92681c6f681441c8c2cb2a8,1,395.42376708984375,320.5807189941406,515.7762451171875,320.5807189941406,515.7762451171875,408.6192932128906,395.42376708984375,408.6192932128906,
blurredimage021_jpg.rf.10e56a03f92681c6f681441c8c2cb2a8,2,449.39324951171875,197.99484252929688,553.40673828125,197.99484252929688,553.40673828125,278.00518798828125,449.39324951171875,278.00518798828125,
2237317562_jpg.rf.100c94e81b0266bb59e3bd7e2a6fd3e6,0,48.40724563598633,149.18099975585938,227.59275817871094,149.18099975585938,227.59275817871094,308.8190002441406,48.40724563598633,308.8190002441406,
1297_U7SFimW5C_jpg.rf.10996f9a5ff82917ea03715ca30cb186,0,212.68063354492188,286.8685302734375,399.3193664550781,286.8685302734375,399.3193664550781,463.1314697265625,212.68063354492188,463.1314697265625,
0158059823_jpg.rf.11a3d4155939ee8ba295534dbd67bac3,0,255.77737426757812,221.4522705078125,408.2226257324219,221.4522705078125,408.2226257324219,428.5477294921875,255.77737426757812,428.5477294921875,
2644241344_jpg.rf.0cc9569ee36800e082881661ad0076ba,,,,,,,,,,
2860081481_jpg.rf.127b604c6b33fe201df4f140ba613137,0,296.7421875,199.01010131835938,429.2578125,199.01010131835938,429.2578125,362.9898986816406,296.7421875,362.9898986816406,http://oskast.is/
4451626429_jpg.rf.13c99f2d60a43cfadedd48874447ad9a,0,191.08355712890625,279.8289794921875,277.5830993652344,279.8289794921875,277.5830993652344,437.5043640136719,191.08355712890625,437.5043640136719,
IMG_20220529_153644_jpg.rf.0e6ae6943b2596b276ca057e238718a6,,,,,,,,,,
curvedimage016_jpg.rf.11afea6c0bf4c2ce7a449dbc767470e9,0,271.6537780761719,209.3003387451172,428.7461853027344,209.3003387451172,428.7461853027344,359.4996643066406,271.6537780761719,359.4996643066406,
curvedimage016_jpg.rf.11afea6c0bf4c2ce7a449dbc767470e9,1,301.72186279296875,375.94171142578125,405.8781433105469,375.94171142578125,405.8781433105469,462.8583068847656,301.72186279296875,462.8583068847656,
3951656300_jpg.rf.12dd6446039349931688fd854d2ef23b,0,456.6957092285156,97.40282440185547,547.3043212890625,97.40282440185547,547.3043212890625,230.59718322753906,456.6957092285156,230.59718322753906,
IMG_20220601_162852_jpg.rf.1202129bf7ef70f23b51b38999ad893a,,,,,,,,,,
4072456545_jpg.rf.138c43f69aa5566a17a052339c9cf0e3,0,144.61080932617188,230.97096252441406,471.3891906738281,230.97096252441406,471.3891906738281,473.029052734375,144.61080932617188,473.029052734375,
nominalimage051_jpg.rf.140168310f313f44e55cd2c4cac99692,0,177.20111083984375,259.3828125,462.79888916015625,259.3828125,462.79888916015625,522.6171875,177.20111083984375,522.6171875,http://goo.gl/ErBxV
3863034429_jpg.rf.14b25dcaebdfb1c06991b828960863ec,0,120.38543701171875,117.84791564941406,451.61456298828125,117.84791564941406,451.61456298828125,554.152099609375,120.38543701171875,554.152099609375,
5023713525_jpg.rf.11bb42b4c6ad3a743cd51f4d1006b8af,0,225.27206420898438,19.57036590576172,416.7279357910156,19.57036590576172,416.7279357910156,274.42962646484375,225.27206420898438,274.42962646484375,http://www.georgefox.edu/offices/murdock/LibraryInfo/mlrcrooms.html
5086551262_jpg.rf.16121ed4302ae162089a781f7d99c1b8,,,,,,,,,,
damagedimage035_jpg.rf.0de9b3bc6a552d920547135dbdfcb643,0,203.2314453125,146.57077026367188,466.7685546875,146.57077026367188,466.7685546875,472.4292297363281,203.2314453125,472.4292297363281,
4353977850_jpg.rf.1635315a3069ef8adc6c814601d5c9db,,,,,,,,,,
v2Email_png_jpg.rf.161e42529f801777df0e5d66ed52b14f,0,30.51824951171875,30.51824951171875,607.4817504882812,30.51824951171875,607.4817504882812,607.4817504882812,30.51824951171875,607.4817504882812,MAILTO:name@myemail.com
3931_W4NMtvViB_jpg.rf.14b80c51eb9c20e12632a73dc3340c35,0,215.4436492919922,178.85928344726562,416.55633544921875,178.85928344726562,416.55633544921875,372.3407287597656,215.4436492919922,372.3407287597656,http://lubes.id/191/W4NMtvViB
2810496945_jpg.rf.14597b64e81557eb6f2fac9a78101429,0,542.2350463867188,409.03619384765625,589.3649291992188,409.03619384765625,589.3649291992188,476.5638122558594,542.2350463867188,476.5638122558594,http://www.qrme.co.uk/component/qr/i/A170
pathologicalimage019_png_jpg.rf.12aed4a3cd74446c61f21868dbba7c19,0,59.152618408203125,59.152618408203125,581.5140380859375,59.152618408203125,581.5140380859375,581.5140380859375,59.152618408203125,581.5140380859375,MAILTO:name@myemail.com
2961181695_jpg.rf.14a0f65c7f07ed43da61eea61e622a72,,,,,,,,,,
perspectiveimage002_jpg.rf.178c71be1e21e8d8604d78d3c5c656d7,0,242.44442749023438,260.05828857421875,379.5555725097656,260.05828857421875,379.5555725097656,441.94171142578125,242.44442749023438,441.94171142578125,TEST 10 CM
damagedimage020_jpg.rf.166267c3ca6c8d401ff5ed51978abc89,,,,,,,,,,
shadowsimage004_jpg.rf.151d5cfd1a021acfe1002095e5a761c8,0,339.1571960449219,444.7463684082031,529.8427734375,444.7463684082031,529.8427734375,590.2536010742188,339.1571960449219,590.2536010742188,Version 2 QR Code Test Image
shadowsimage004_jpg.rf.151d5cfd1a021acfe1002095e5a761c8,1,428.4010009765625,263.2519226074219,583.5989990234375,263.2519226074219,583.5989990234375,378.7480773925781,428.4010009765625,378.7480773925781,Version 1 QR
4890601028_jpg.rf.11e5854e53bd0441575608bad687aa9f,0,129.67005920410156,158.52105712890625,346.3299560546875,158.52105712890625,346.3299560546875,467.47894287109375,129.67005920410156,467.47894287109375,
IMG_20220602_160457_jpg.rf.14a35a9487de298cf53d7520bf1505a0,0,269.5238037109375,144.83367919921875,474.4761962890625,144.83367919921875,474.4761962890625,296.16632080078125,269.5238037109375,296.16632080078125,
1073_U7zz1gn3C_jpg.rf.15642a0606aa60e52bc1b0c7d3605349,0,84.83086395263672,44.120880126953125,577.1691284179688,44.120880126953125,577.1691284179688,505.8791198730469,84.83086395263672,505.8791198730469,http://www.lubes.id/197/U7zz1gn3C
4297035406_jpg.rf.183f84151fc92d0206b56e17d0fedc2a,0,305.2001953125,247.26206970214844,639.0,247.26206970214844,639.0,500.7379455566406,305.2001953125,500.7379455566406,
IMG_20220602_172106_jpg.rf.18072f4bcbe8197579d69f75d0f1ae48,0,365.69964599609375,339.8424987792969,460.30035400390625,339.8424987792969,460.30035400390625,414.1575012207031,365.69964599609375,414.1575012207031,http://www.instagram.com/_lamapu
3360042676_jpg.rf.1901651c3532115ea3430fc00b1205dd,0,191.1503448486328,233.8108367919922,290.8496398925781,233.8108367919922,290.8496398925781,371.5224914550781,191.1503448486328,371.5224914550781,URL:http://www.cityofmanor.org/smartcode/smartcode5
3413103472_jpg.rf.147ca16448a2aa327cafe7a3e7f5b9ef,,,,,,,,,,
2502688432_jpg.rf.156935991247f555c48972a39bfa55cc,0,406.6207580566406,85.93217468261719,471.3792419433594,85.93217468261719,471.3792419433594,171.267822265625,406.6207580566406,171.267822265625,http://myspace.com/vendredisnocturnes
2502688432_jpg.rf.156935991247f555c48972a39bfa55cc,1,335.37469482421875,83.63886260986328,401.0252990722656,83.63886260986328,401.0252990722656,171.9611358642578,335.37469482421875,171.9611358642578,TEL:5148476214
4001018841_jpg.rf.1944855c3fe21a3f2e8ea01d5dead34a,0,134.2391357421875,52.20792770385742,435.7608642578125,52.20792770385742,435.7608642578125,479.7920837402344,134.2391357421875,479.7920837402344,
curvedimage047_jpg.rf.196eb6daa443961efd84f082122db388,0,70.43214416503906,62.37725067138672,559.56787109375,62.37725067138672,559.56787109375,537.6227416992188,70.43214416503906,537.6227416992188,http://www.youtube.com/watch?v=7qa6Bho4OyM&feature=share&list=PLk13TE2t32tgRCVo0q8tTB1CyZyMDQCNH&index=10
2755677855_jpg.rf.1956164b833d27ec3ca5a18aeaacf0fb,0,334.3318786621094,275.56536865234375,381.26812744140625,275.56536865234375,381.26812744140625,338.43463134765625,334.3318786621094,338.43463134765625,http://wezm.net/qr
3973937357_jpg.rf.184e0ac2c3489706ce9357af795647cf,0,401.53826904296875,259.1658020019531,519.4617309570312,259.1658020019531,519.4617309570312,364.8341979980469,401.53826904296875,364.8341979980469,
curvedimage042_jpg.rf.1977718ad196776fad50a9f169dbea99,0,280.3157958984375,327.97149658203125,425.6842041015625,327.97149658203125,425.6842041015625,441.02850341796875,280.3157958984375,441.02850341796875,
1712_U73QTJ2kC_jpg.rf.19841ec55f3aef4e59f8219caa707db5,0,204.01495361328125,290.235107421875,423.98504638671875,290.235107421875,423.98504638671875,483.764892578125,204.01495361328125,483.764892578125,
nominalimage057_jpg.rf.18b1df0639305aee0aaad33e23c652db,0,39.64098358154297,46.825599670410156,580.3590087890625,46.825599670410156,580.3590087890625,565.1743774414062,39.64098358154297,565.1743774414062,
4406850206_jpg.rf.17e278a2848a74970da73e786226a14b,0,257.3397216796875,203.50601196289062,309.86029052734375,203.50601196289062,309.86029052734375,276.093994140625,257.3397216796875,276.093994140625,http://m.tntpost.nl/QRcode
4598979686_jpg.rf.1996fbc1657cc30336ecdb9b38934d1d,0,177.02865600585938,53.30207443237305,524.9713134765625,53.30207443237305,524.9713134765625,316.69793701171875,177.02865600585938,316.69793701171875,TEL:+4992815939305
3964900069_jpg.rf.8fe5636d1b7a3fd08d624cd2e6f2addb,0,473.43621826171875,20.245275497436523,626.1637573242188,20.245275497436523,626.1637573242188,236.5547332763672,473.43621826171875,236.5547332763672,
nominalimage021_jpg.rf.8f37210d3593c241b3a56c3635373e32,0,356.9981994628906,76.94739532470703,461.66845703125,76.94739532470703,461.66845703125,231.0526123046875,356.9981994628906,231.0526123046875,
bright_spotsimage012_jpg.rf.915f8eb3c83f0e7da21d62e32ac9c694,0,333.3746032714844,179.30581665039062,413.4253845214844,179.30581665039062,413.4253845214844,241.0941925048828,333.3746032714844,241.0941925048828,
2236449471_jpg.rf.8ff2333863aeaff771f634bb3d19d7e7,0,221.3759002685547,261.1103210449219,361.9574279785156,261.1103210449219,361.9574279785156,367.5563659667969,221.3759002685547,367.5563659667969,www.tagmore.com/esmadrid
3256202185_jpg.rf.8ffb3137e6b582c532a25645f0c87de8,,,,,,,,,,
4541365690_jpg.rf.91ad7e2d78b1fa8bc5fbdda15f35bd97,,,,,,,,,,
damagedimage027_jpg.rf.8ff8a9365a5275632c6dff4492a848bb,,,,,,,,,,
4353596623_jpg.rf.905e2c2529764c21e953e6fba918080f,,,,,,,,,,
brightnessimage021_jpg.rf.9128e2973197b70934e1fdc8bb76836d,,,,,,,,,,
rotationsimage017_jpg.rf.90f2f3adf3e45a83f1af7ca1baad6534,0,240.8299102783203,393.081787109375,392.3700866699219,393.081787109375,392.3700866699219,516.918212890625,240.8299102783203,516.918212890625,
rotationsimage017_jpg.rf.90f2f3adf3e45a83f1af7ca1baad6534,1,421.34991455078125,382.110107421875,557.6500854492188,382.110107421875,557.6500854492188,495.889892578125,421.34991455078125,495.889892578125,
rotationsimage017_jpg.rf.90f2f3adf3e45a83f1af7ca1baad6534,2,227.60643005371094,153.09136962890625,478.3935852050781,153.09136962890625,478.3935852050781,347.5753173828125,227.60643005371094,347.5753173828125,
bright_spotsimage023_jpg.rf.91a42c4b35c66e4e8c3d906b923a69b0,0,135.51693725585938,256.57366943359375,316.08306884765625,256.57366943359375,316.08306884765625,390.226318359375,135.51693725585938,390.226318359375,
perspectiveimage006_jpg.rf.928d7aebf0029bc48f138f0cca56893b,0,240.599853515625,224.99977111816406,349.400146484375,224.99977111816406,349.400146484375,401.000244140625,240.599853515625,401.000244140625,
2124956651_jpg.rf.90382de84bbc5de247b7dc2230056505,,,,,,,,,,
4498124087_jpg.rf.92f7fd542c50c9651ef236e8a60704b9,0,235.2191925048828,289.3818359375,400.78082275390625,289.3818359375,400.78082275390625,509.6181640625,235.2191925048828,509.6181640625,"thanks for pulling out your phone just to read this! if i am not around, please feel free to email me at mailto:dret@berkeley.edu."
monitorimage010_jpg.rf.949555163d63ab442c3d7cd6495abe96,0,13.973884582519531,0.0,632.026123046875,0.0,632.026123046875,639.0,13.973884582519531,639.0,This is a computer generated QR Code
5281066618_jpg.rf.93efa1d1c44b8fe5edea728b51f30c03,,,,,,,,,,
curvedimage040_jpg.rf.90eafc2715dfd2cb72ec1cafbee1d7b1,0,238.4090576171875,355.8153381347656,388.9242858886719,355.8153381347656,388.9242858886719,483.5179748535156,238.4090576171875,483.5179748535156,
blurredimage007_jpg.rf.90416e9b089b537d1bd9769c66127297,0,273.94677734375,329.5069885253906,436.05322265625,329.5069885253906,436.05322265625,442.4930114746094,273.94677734375,442.4930114746094,
glareimage022_jpg.rf.953613981c244fc8472fe5be3827730a,0,108.95317840576172,152.7241973876953,427.04681396484375,152.7241973876953,427.04681396484375,465.27581787109375,108.95317840576172,465.27581787109375,
IMG_20220604_153549_jpg.rf.91f61603d6c633dd3eb14ecb74c332a0,,,,,,,,,,
4693287145_jpg.rf.927ceb8400472bac516270423168ded3,0,436.5699157714844,119.02933502197266,501.4300842285156,119.02933502197266,501.4300842285156,167.77066040039062,436.5699157714844,167.77066040039062,
closeimage019_jpg.rf.9370e31fbc428db9bbc9e2bb4d03a4f7,0,18.209495544433594,59.95747375488281,628.79052734375,59.95747375488281,628.79052734375,511.04254150390625,18.209495544433594,511.04254150390625,VERSION 2 8CM
IMG_20220602_160103_jpg.rf.91f71801fc251ad18919f233f146d4bd,0,172.10214233398438,456.1303405761719,305.8978576660156,456.1303405761719,305.8978576660156,560.8696899414062,172.10214233398438,560.8696899414062,
3227130466_jpg.rf.94ed32fd69c3005a8e1e664ae19ea6d2,0,369.91046142578125,154.47976684570312,547.0895385742188,154.47976684570312,547.0895385742188,284.5202331542969,369.91046142578125,284.5202331542969,http://bit.ly/iTyW
3227130466_jpg.rf.94ed32fd69c3005a8e1e664ae19ea6d2,1,103.56490325927734,130.65853881835938,285.4350891113281,130.65853881835938,285.4350891113281,273.3414611816406,103.56490325927734,273.3414611816406,
glareimage007_jpg.rf.94252b814000b4d6aaf987126fcf58ce,0,25.230850219726562,69.70530700683594,269.7691650390625,69.70530700683594,269.7691650390625,337.294677734375,25.230850219726562,337.294677734375,
glareimage007_jpg.rf.94252b814000b4d6aaf987126fcf58ce,1,317.70123291015625,206.48980712890625,616.2987670898438,206.48980712890625,616.2987670898438,579.5101928710938,317.70123291015625,579.5101928710938,
5333320531_jpg.rf.95a89d430faca4fa27c601894eac65ff,0,111.5571517944336,498.2198181152344,183.10951232910156,498.2198181152344,183.10951232910156,615.7802124023438,111.5571517944336,615.7802124023438,http://bit.ly/fwmG8N
5333320531_jpg.rf.95a89d430faca4fa27c601894eac65ff,1,220.98524475097656,91.26097106933594,452.0147705078125,91.26097106933594,452.0147705078125,387.7390441894531,220.98524475097656,387.7390441894531,
5230035431_jpg.rf.9570b808e79d1f8ef3e2a43c6249c261,0,287.76708984375,417.3541259765625,493.23291015625,417.3541259765625,493.23291015625,639.0,287.76708984375,639.0,
blurredimage022_jpg.rf.978eff8c88fd00bf30ebfdd4268bd0fe,0,56.0386848449707,169.70901489257812,562.6279907226562,169.70901489257812,562.6279907226562,557.6243286132812,56.0386848449707,557.6243286132812,Version 1 QR
4903055926_jpg.rf.976258844ef9ff1e1336a76616617483,0,134.07522583007812,66.0137939453125,583.9248046875,66.0137939453125,583.9248046875,579.9862060546875,134.07522583007812,579.9862060546875,
IMG_20220602_171859_jpg.rf.96169233b763330aceabfd2ecec3bec4,,,,,,,,,,
5133137038_jpg.rf.95d1ba77abcac40f2e50fba862d7d1bf,0,307.7317810058594,312.6864929199219,392.2682189941406,312.6864929199219,392.2682189941406,441.3135070800781,307.7317810058594,441.3135070800781,
3629532795_jpg.rf.95a7682fbcc054d04d9df1f7f62ff947,0,211.9912872314453,121.40238189697266,278.00872802734375,121.40238189697266,278.00872802734375,229.5976104736328,211.9912872314453,229.5976104736328,
4220_W4swLLUnB_jpg.rf.980d394b74d15969e10f9682df2211e6,0,71.5616226196289,113.22283172607422,521.4383544921875,113.22283172607422,521.4383544921875,525.7771606445312,71.5616226196289,525.7771606445312,
4672030917_jpg.rf.968a7ff382570fb5d5e8a87e5412ed2c,0,256.59796142578125,364.8116455078125,429.0020446777344,364.8116455078125,429.0020446777344,471.1883239746094,256.59796142578125,471.1883239746094,
blurredimage010_jpg.rf.9820c08960c727008cc6249e79eaada4,,,,,,,,,,
4973968503_jpg.rf.9912a60000d9af3f5abeda9d9b393986,0,211.17298889160156,181.49609375,372.8270263671875,181.49609375,372.8270263671875,303.8372497558594,211.17298889160156,303.8372497558594,
monitorimage005_jpg.rf.9884f116b269acaea73809036dd4d02e,0,0.0,31.844161987304688,639.0,31.844161987304688,639.0,639.0,0.0,639.0,
bright_spotsimage024_jpg.rf.95e2bdf88b5060aa414db1e9822524d8,0,391.0866394042969,368.8689270019531,498.5133361816406,368.8689270019531,498.5133361816406,447.53106689453125,391.0866394042969,447.53106689453125,
bright_spotsimage024_jpg.rf.95e2bdf88b5060aa414db1e9822524d8,1,135.45433044433594,256.52593994140625,316.1456604003906,256.52593994140625,316.1456604003906,390.2740478515625,135.45433044433594,390.2740478515625,
5085559548_jpg.rf.99bb291ffbf93d39cb1aa61ab21e2ce6,0,304.76080322265625,441.089599609375,401.23919677734375,441.089599609375,401.23919677734375,536.910400390625,304.76080322265625,536.910400390625,
0531389687_jpg.rf.9848e6766d3480731372acaed3ffc7d0,0,305.8971862792969,63.41202163696289,435.4361572265625,63.41202163696289,435.4361572265625,231.254638671875,305.8971862792969,231.254638671875,
5301073148_jpg.rf.996ed9b47a42bae1cccd873b3bf9a259,0,132.36224365234375,332.9380798339844,223.63775634765625,332.9380798339844,223.63775634765625,449.0619201660156,132.36224365234375,449.0619201660156,http://bby.us/?c=BB014009774384
3752627101_jpg.rf.99f5f64468f4c0f7f7a89c3ab6f577a9,0,384.08734130859375,315.94134521484375,429.51263427734375,315.94134521484375,429.51263427734375,374.45867919921875,384.08734130859375,374.45867919921875,T0892A
glareimage006_jpg.rf.990ac8f8960757b055cef7bc3d386ce7,0,269.7291259765625,238.7867889404297,428.2708435058594,238.7867889404297,428.2708435058594,358.8132019042969,269.7291259765625,358.8132019042969,
0459198815_jpg.rf.975d793c4737fffe32083e41835a163e,0,277.09246826171875,285.90478515625,396.9075012207031,285.90478515625,396.9075012207031,448.7618713378906,277.09246826171875,448.7618713378906,http://semapedia.org/v/Lower_East_Side
4866456958_jpg.rf.991e673c0b6245c3ddc176ace68a1be0,0,232.30711364746094,503.89996337890625,397.69287109375,503.89996337890625,397.69287109375,639.0,232.30711364746094,639.0,http://bit.ly/d5TSAA
4866456958_jpg.rf.991e673c0b6245c3ddc176ace68a1be0,1,229.88363647460938,250.38644409179688,398.1163635253906,250.38644409179688,398.1163635253906,389.6135559082031,229.88363647460938,389.6135559082031,http://m.youtube.com/watch?v=rVGA9KFVOk0
4866456958_jpg.rf.991e673c0b6245c3ddc176ace68a1be0,2,232.6807098388672,0.0,397.3193054199219,0.0,397.3193054199219,138.35818481445312,232.6807098388672,138.35818481445312,http://semapedia.org/v/2010_eruptions_of_Eyjafjallaj%C3%B6kull
3027815370_jpg.rf.98ffe0b50e48c337d63e09d059bb8caa,0,119.54011535644531,330.8906555175781,197.65988159179688,330.8906555175781,197.65988159179688,381.50933837890625,119.54011535644531,381.50933837890625,
3027815370_jpg.rf.98ffe0b50e48c337d63e09d059bb8caa,1,16.130460739135742,351.32745361328125,97.06953430175781,351.32745361328125,97.06953430175781,404.2725524902344,16.130460739135742,404.2725524902344,
3027815370_jpg.rf.98ffe0b50e48c337d63e09d059bb8caa,2,227.990478515625,333.899169921875,303.6095275878906,333.899169921875,303.6095275878906,382.100830078125,227.990478515625,382.100830078125,
perspectiveimage003_jpg.rf.986431a51552b5f8a71493c9e5b0f3ff,0,242.304931640625,243.28131103515625,371.695068359375,243.28131103515625,371.695068359375,425.71868896484375,242.304931640625,425.71868896484375,
bright_spotsimage005_jpg.rf.98be676b46dc22d26ab2c22432efa472,0,367.9243469238281,381.4464111328125,445.4089660644531,381.4464111328125,445.4089660644531,441.2202453613281,367.9243469238281,441.2202453613281,
bright_spotsimage005_jpg.rf.98be676b46dc22d26ab2c22432efa472,1,167.06430053710938,296.95361328125,307.9356994628906,296.95361328125,307.9356994628906,402.04638671875,167.06430053710938,402.04638671875,
bright_spotsimage005_jpg.rf.98be676b46dc22d26ab2c22432efa472,2,395.0080261230469,298.93328857421875,464.59197998046875,298.93328857421875,464.59197998046875,351.86669921875,395.0080261230469,351.86669921875,
5214754924_jpg.rf.95ab72606a112e147a0a6cb304bc106d,0,183.20382690429688,276.57415771484375,353.7961730957031,276.57415771484375,353.7961730957031,398.42584228515625,183.20382690429688,398.42584228515625,http://t4g.fr/ae
2957746157_jpg.rf.9a3d93f18dc86e0b31f2f34361201c33,0,183.6602325439453,219.9396209716797,303.5397644042969,219.9396209716797,303.5397644042969,360.06036376953125,183.6602325439453,360.06036376953125,
2236454973_jpg.rf.9899602fa77cd6bd54362d0145120fc9,,,,,,,,,,
glareimage011_jpg.rf.9a5183122fcd8d620f96bdbb79748d22,0,292.5591125488281,358.17431640625,414.1075439453125,358.17431640625,414.1075439453125,457.1590270996094,292.5591125488281,457.1590270996094,
4534_W4vVKpWjB_jpg.rf.9a5e9310d13dfc76ea3d791b026f28b2,0,267.4890441894531,251.72801208496094,397.8442687988281,251.72801208496094,397.8442687988281,344.2720031738281,267.4890441894531,344.2720031738281,http://lubes.id/191/W4vVKpWjB
IMG_20220530_165347_jpg.rf.9ad28838ef7b939586bb16b68ec41238,,,,,,,,,,
1114_U73QTJ2kC_jpg.rf.9becfdad07f4be4af46eb0fcd0f79b46,0,181.93063354492188,319.7682189941406,378.0693664550781,319.7682189941406,378.0693664550781,507.2317810058594,181.93063354492188,507.2317810058594,http://www.lubes.id/197/U73QTJ2kC
4033668545_jpg.rf.9b4bcb96abb90261150bdaa097f22141,0,182.3656005859375,345.85125732421875,316.6343994140625,345.85125732421875,316.6343994140625,448.14874267578125,182.3656005859375,448.14874267578125,http://berliner-sparkasse.de/qr.php?ctp=eaa9f408bcd55492eca608b4bd521e2e
4566380516_jpg.rf.9ac148df3a707d47791ffa47b1c8ea3d,0,450.9554138183594,58.90863800048828,583.8446044921875,58.90863800048828,583.8446044921875,245.49136352539062,450.9554138183594,245.49136352539062,http://scancode.mobi/code/2d_code.cfm?id=78
3003504900_jpg.rf.9b51feed660fd243830b0b480dafc138,,,,,,,,,,
IMG_20220601_164416_jpg.rf.9d1de5fe20f09c17af683892c2973917,,,,,,,,,,
nominalimage012_jpg.rf.9c5f7eb482e52c863a5bac1e2d56956b,0,176.1772918701172,144.8799285888672,407.82269287109375,144.8799285888672,407.82269287109375,387.12005615234375,176.1772918701172,387.12005615234375,
perspectiveimage020_jpg.rf.9d40358161e928bccff15eb369fcd610,0,185.97369384765625,187.68434143066406,414.02630615234375,187.68434143066406,414.02630615234375,470.3156433105469,185.97369384765625,470.3156433105469,
curvedimage027_jpg.rf.9e3500e4cf02a3ff62ee37db31ab598d,0,276.8773498535156,347.4507751464844,383.1226501464844,347.4507751464844,383.1226501464844,426.5492248535156,276.8773498535156,426.5492248535156,
2158502279_jpg.rf.9e70594fb3943fd515ce353584fe6b62,0,271.0926513671875,0.0,342.10736083984375,0.0,342.10736083984375,104.81861877441406,271.0926513671875,104.81861877441406,
2514394480_jpg.rf.9cda901a7550010f4f4780474e38a755,0,388.112060546875,336.137939453125,473.887939453125,336.137939453125,473.887939453125,451.862060546875,388.112060546875,451.862060546875,http://vmf.tigtags.com/qr/879/3y9PEIgTA7E
5269546299_jpg.rf.9dc807945f7e4c96c96a0af18a016278,0,304.85174560546875,204.11668395996094,513.1482543945312,204.11668395996094,513.1482543945312,508.5500183105469,304.85174560546875,508.5500183105469,
glareimage036_jpg.rf.9cf548b582bcc3976e09866c68ab328e,0,60.891395568847656,98.96061706542969,537.1085815429688,98.96061706542969,537.1085815429688,583.0393676757812,60.891395568847656,583.0393676757812,
4663818296_jpg.rf.9ec2e54b4863be9edd045ba7fdd36c69,0,283.2220764160156,348.2855224609375,434.1112365722656,348.2855224609375,434.1112365722656,547.0477905273438,283.2220764160156,547.0477905273438,
4663818296_jpg.rf.9ec2e54b4863be9edd045ba7fdd36c69,1,230.65257263183594,37.596675872802734,412.0140686035156,37.596675872802734,412.0140686035156,233.7366485595703,230.65257263183594,233.7366485595703,
4663818296_jpg.rf.9ec2e54b4863be9edd045ba7fdd36c69,2,453.170654296875,66.30397033691406,628.1626586914062,66.30397033691406,628.1626586914062,295.02935791015625,453.170654296875,295.02935791015625,
4663818296_jpg.rf.9ec2e54b4863be9edd045ba7fdd36c69,3,28.19965362548828,77.00495910644531,213.80035400390625,77.00495910644531,213.80035400390625,313.9950256347656,28.19965362548828,313.9950256347656,
4663818296_jpg.rf.9ec2e54b4863be9edd045ba7fdd36c69,4,462.7296447753906,351.97076416015625,639.0,351.97076416015625,639.0,581.6292724609375,462.7296447753906,581.6292724609375,
4663818296_jpg.rf.9ec2e54b4863be9edd045ba7fdd36c69,5,20.140460968017578,357.70819091796875,197.8595428466797,357.70819091796875,197.8595428466797,590.2918090820312,20.140460968017578,590.2918090820312,
5142874923_jpg.rf.9f4224e14513fcb61a6272b602a53817,,,,,,,,,,
2126492335_jpg.rf.9eab4f7dc336503a284ed6c04d6947b0,,,,,,,,,,
1028_U7VgcEASC_jpg.rf.9b91c1019ee01c838baf2ff4a457e8dc,0,195.02243041992188,288.28466796875,420.9775695800781,288.28466796875,420.9775695800781,479.71533203125,195.02243041992188,479.71533203125,
5049124149_jpg.rf.9f049e4adacb76a4f2f238807cfec312,0,111.8313217163086,278.3800964355469,294.8353576660156,278.3800964355469,294.8353576660156,603.619873046875,111.8313217163086,603.619873046875,
5049124149_jpg.rf.9f049e4adacb76a4f2f238807cfec312,1,460.33251953125,204.29908752441406,596.66748046875,204.29908752441406,596.66748046875,495.7008972167969,460.33251953125,495.7008972167969,
4510428194_jpg.rf.a064424d18f3725280b7270179af00e1,0,334.946533203125,71.47611999511719,429.053466796875,71.47611999511719,429.053466796875,204.5238800048828,334.946533203125,204.5238800048828,
IMG_20220601_164630_jpg.rf.a0689bf2c957e194d5821e799a3c3944,,,,,,,,,,
4439298094_jpg.rf.9ec71e87c65dc89ef5c8c94d8fa7adf4,0,236.44239807128906,248.56619262695312,377.5576171875,248.56619262695312,377.5576171875,423.4338073730469,236.44239807128906,423.4338073730469,
4058130706_jpg.rf.a0c9ea247726520fcc2a21b956188cf1,0,187.10723876953125,75.44817352294922,409.5594482421875,75.44817352294922,409.5594482421875,376.5518493652344,187.10723876953125,376.5518493652344,Nuno Canas Pereira (A+)
4443372421_jpg.rf.a06960c9c0f32bef7e439fe16218c1e5,,,,,,,,,,
brightnessimage002_jpg.rf.a088cbe01f13457d4c357c698597f145,0,376.5804443359375,381.3575744628906,482.4195556640625,381.3575744628906,482.4195556640625,461.6424255371094,376.5804443359375,461.6424255371094,Version 2 QR Code Test Image
brightnessimage002_jpg.rf.a088cbe01f13457d4c357c698597f145,1,423.8651123046875,277.1001892089844,514.1348876953125,277.1001892089844,514.1348876953125,343.8998107910156,423.8651123046875,343.8998107910156,Version 1 QR
brightnessimage002_jpg.rf.a088cbe01f13457d4c357c698597f145,2,123.09688568115234,270.1576232910156,300.9031066894531,270.1576232910156,300.9031066894531,401.8423767089844,123.09688568115234,401.8423767089844,
3950055651_jpg.rf.9fadf8dd0ed817ffdb71de53ae746e7e,0,254.66668701171875,136.19732666015625,485.33331298828125,136.19732666015625,485.33331298828125,435.80267333984375,254.66668701171875,435.80267333984375,URL:http://www.cityofmanor.org/smartcodes/23.html
4502664813_jpg.rf.9e33db1cde7c01bd34eb30841da8577d,0,278.109619140625,61.027610778808594,633.890380859375,61.027610778808594,633.890380859375,528.972412109375,278.109619140625,528.972412109375,
blurredimage038_jpg.rf.a1582fe5c76125044ee3145cf9b0b6d2,0,46.73875427246094,75.27189636230469,575.26123046875,75.27189636230469,575.26123046875,550.7280883789062,46.73875427246094,550.7280883789062,
glareimage008_jpg.rf.a2b1fe9784ea12fcc49886d51c66dcd2,0,186.46392822265625,183.4133758544922,459.53607177734375,183.4133758544922,459.53607177734375,523.5866088867188,186.46392822265625,523.5866088867188,http://www.boschautoparts.com/qr/icon.aspx
5327276642_jpg.rf.a11e58b1db6a4a720a3bef30f24dc32f,0,302.12152099609375,300.1654052734375,414.678466796875,300.1654052734375,414.678466796875,383.4346008300781,302.12152099609375,383.4346008300781,
damagedimage024_jpg.rf.a2333694f5200a5384187839db90eced,,,,,,,,,,
4888055156_jpg.rf.a32aa7759a2b05b3dc150d29c05cf4e5,0,121.416015625,97.46488189697266,518.583984375,97.46488189697266,518.583984375,520.5350952148438,121.416015625,520.5350952148438,http://www.chocolategraphicsus.com/
nominalimage011_jpg.rf.a3c33f7383508c06b250b08865b93c21,0,72.11906433105469,195.56027221679688,291.88092041015625,195.56027221679688,291.88092041015625,478.4397277832031,72.11906433105469,478.4397277832031,
2513894097_jpg.rf.a3a07f238c70da6359799dce28f5484e,0,90.95507049560547,471.9535827636719,195.71160888671875,471.9535827636719,195.71160888671875,606.0464477539062,90.95507049560547,606.0464477539062,http://vmf.tigtags.com/qr/879/JzPtpNdr1PM
5292342280_jpg.rf.a105bd754986ab0f5c03e2fbabed2df6,,,,,,,,,,
2825381166_jpg.rf.a4e521fb986c46d9f8ce5552f7dc4a50,0,257.11041259765625,166.75332641601562,319.5562438964844,166.75332641601562,319.5562438964844,245.913330078125,257.11041259765625,245.913330078125,
4352836095_jpg.rf.a2143e8be28cd241c1de9dec2ad3da5c,0,208.8843994140625,104.35294342041016,459.7822570800781,104.35294342041016,459.7822570800781,487.6470642089844,208.8843994140625,487.6470642089844,
glareimage018_jpg.rf.a508c46af47f3cdfb90d68744ced9df0,0,164.77224731445312,348.2044677734375,409.2277526855469,348.2044677734375,409.2277526855469,513.7955322265625,164.77224731445312,513.7955322265625,
5010495312_jpg.rf.a38afcf0b830545628732891755e5427,,,,,,,,,,
3897888195_jpg.rf.a5b1e3306ac325aade1f82dcdbb2d599,,,,,,,,,,
glareimage026_jpg.rf.a1c68c8c39b6731cd2b1b1e5cf4e6251,,,,,,,,,,
2423569207_jpg.rf.a620c54821144a61a6ca31e59ceee170,,,,,,,,,,
4160076127_jpg.rf.a56dbccf00787aafc11e4a4cc895eda6,0,71.36334228515625,59.2225341796875,500.63665771484375,59.2225341796875,500.63665771484375,386.7774658203125,71.36334228515625,386.7774658203125,
IMG_20220530_191154_jpg.rf.a51fdb33e2064a7c21c5d2feda0097d8,,,,,,,,,,
4903123495_jpg.rf.a6139b5f5bf91b5466ce968b16f592ed,,,,,,,,,,
2683393984_jpg.rf.a5771aee7c03bb4b3eafce22a490fe68,0,361.0237121582031,215.0973663330078,535.6429443359375,215.0973663330078,535.6429443359375,465.5693054199219,361.0237121582031,465.5693054199219,
blurredimage020_jpg.rf.a5c2ba70e8db82cf37b7859b8f28e4b5,0,103.64637756347656,188.96185302734375,314.75360107421875,188.96185302734375,314.75360107421875,349.03814697265625,103.64637756347656,349.03814697265625,
blurredimage020_jpg.rf.a5c2ba70e8db82cf37b7859b8f28e4b5,1,395.244140625,321.1734619140625,519.1558837890625,321.1734619140625,519.1558837890625,410.8265686035156,395.244140625,410.8265686035156,
blurredimage020_jpg.rf.a5c2ba70e8db82cf37b7859b8f28e4b5,2,451.77197265625,197.70538330078125,559.0280151367188,197.70538330078125,559.0280151367188,278.6946105957031,451.77197265625,278.6946105957031,
2854521482_jpg.rf.a656a272af40cf0d2b4f5dddb496f7d4,0,372.2466125488281,319.1793212890625,480.1534118652344,319.1793212890625,480.1534118652344,395.62066650390625,372.2466125488281,395.62066650390625,http://m.ralphlauren.com/default.aspx?ab=RugbyStore
high_versionimage008_jpg.rf.a4d56c972e91840d42f8d476194a880b,0,12.127665519714355,25.76421546936035,568.5390014648438,25.76421546936035,568.5390014648438,625.5691528320312,12.127665519714355,625.5691528320312,
5055325064_jpg.rf.a51f601b2774d758b12d6a967c3991e6,0,425.2857360839844,252.35693359375,487.1142578125,252.35693359375,487.1142578125,297.64306640625,425.2857360839844,297.64306640625,
5055325064_jpg.rf.a51f601b2774d758b12d6a967c3991e6,1,393.7976379394531,413.10833740234375,459.00238037109375,413.10833740234375,459.00238037109375,471.691650390625,393.7976379394531,471.691650390625,
2236526027_jpg.rf.a62c24b41b717277eaccf74a17b0d32e,0,167.85885620117188,143.73199462890625,273.1411437988281,143.73199462890625,273.1411437988281,286.26800537109375,167.85885620117188,286.26800537109375,www.tagmore.com/esmadrid
2961178381_jpg.rf.a56828da115cb53b37003a5e6a4c66d7,0,273.26031494140625,385.2122802734375,459.73968505859375,385.2122802734375,459.73968505859375,591.7877197265625,273.26031494140625,591.7877197265625,http://www.fivecom.com.br/contato/bruno.vcf
1125952233_jpg.rf.a75400e061e23a885aff9f24177745b9,0,242.06210327148438,284.27484130859375,323.13787841796875,284.27484130859375,323.13787841796875,406.1251525878906,242.06210327148438,406.1251525878906,http://daikyo.jp/detail.php?pro=86487&per=1&qrcode=2
nominalimage010_jpg.rf.a8425bf6c2735420bddcab0a0eb6c825,0,249.16989135742188,107.9468002319336,574.8301391601562,107.9468002319336,574.8301391601562,488.0531921386719,249.16989135742188,488.0531921386719,
3303275675_jpg.rf.a69cbe938c1b2624063be9fb0897e9eb,0,260.7392272949219,332.31915283203125,447.2607727050781,332.31915283203125,447.2607727050781,461.68084716796875,260.7392272949219,461.68084716796875,
IMG_20220601_162903_jpg.rf.a25a9c0a26d87dffbc3df374eaa3966b,,,,,,,,,,
glareimage009_jpg.rf.a7221f0950c69949eb4d641def4484b2,0,281.8577575683594,337.83624267578125,496.1422424316406,337.83624267578125,496.1422424316406,567.7637939453125,281.8577575683594,567.7637939453125,
blurredimage002_jpg.rf.a82ba55b13249bb42d811a4bb63dc083,0,371.8300476074219,222.5553436279297,608.1699829101562,222.5553436279297,608.1699829101562,472.7779846191406,371.8300476074219,472.7779846191406,
IMG_20220604_164504_jpg.rf.a1ed01fadf32c9e6267e452af3b07bfd,,,,,,,,,,
3963915486_jpg.rf.a700997ecf2d1218a61cd331116d23b3,,,,,,,,,,
blurredimage025_jpg.rf.a7b6b3f25c6f66983010f7409a9f2070,0,115.41879272460938,20.57039451599121,522.5811767578125,20.57039451599121,522.5811767578125,199.4296112060547,115.41879272460938,199.4296112060547,
blurredimage025_jpg.rf.a7b6b3f25c6f66983010f7409a9f2070,1,83.72965240478516,434.0165100097656,492.93701171875,434.0165100097656,492.93701171875,605.9834594726562,83.72965240478516,605.9834594726562,http://www.boschautoparts.com/qr/icon.aspx
4993675873_jpg.rf.a68534f89eefab74f598fed4f3316839,,,,,,,,,,
nominalimage065_jpg.rf.a8d14afc260fb4dad6268e1470c7d675,0,174.71624755859375,95.95098876953125,563.2837524414062,95.95098876953125,563.2837524414062,438.04901123046875,174.71624755859375,438.04901123046875,
perspectiveimage034_jpg.rf.ac31d32db9d62daee1c4a259749bb10f,,,,,,,,,,
damagedimage005_jpg.rf.a8a088ecda7d31d232a5574ce6369dfd,,,,,,,,,,
IMG_20220530_143335_jpg.rf.a9ebaffe828f427ebe89afa8306bf318,,,,,,,,,,
closeimage008_jpg.rf.ab0375842b9b0e20435475977c1bd236,0,0.0,106.95659637451172,639.0,106.95659637451172,639.0,631.0433959960938,0.0,631.0433959960938,
IMG_20220530_143351_jpg.rf.a903c3ba8eb924036db9746668c23410,0,307.0767517089844,517.9324951171875,371.7232360839844,517.9324951171875,371.7232360839844,558.0675048828125,307.0767517089844,558.0675048828125,
4065707149_jpg.rf.aad95c8eea4378b303c1e4314e0bfc2e,0,58.65822219848633,440.8013916015625,149.34178161621094,440.8013916015625,149.34178161621094,579.1986083984375,58.65822219848633,579.1986083984375,http://www.pravda23.com
4951385150_jpg.rf.aa0e92856bff8dcea50a9d9da67d15cc,0,83.22065734863281,83.6454849243164,328.7793273925781,83.6454849243164,328.7793273925781,502.3545227050781,83.22065734863281,502.3545227050781,
3984327882_jpg.rf.ac656950d767a45a63fe30f940860353,0,388.0125732421875,285.05621337890625,538.9874267578125,285.05621337890625,538.9874267578125,436.94378662109375,388.0125732421875,436.94378662109375,
0459198539_jpg.rf.acc669e2e4134b1ab89f7c750de79d74,0,418.8538513183594,209.841552734375,530.1461791992188,209.841552734375,530.1461791992188,360.158447265625,418.8538513183594,360.158447265625,http://semapedia.org/v/Pantone
2452294959_jpg.rf.ac3e3ffd3cab0a822fbbd2bf6ddd394f,0,91.45040130615234,142.2111358642578,193.8829345703125,142.2111358642578,193.8829345703125,279.7888488769531,91.45040130615234,279.7888488769531,
3891459413_jpg.rf.a81b8f037e721fd9cb8659423da778e5,0,248.5258026123047,384.26129150390625,371.0741882324219,384.26129150390625,371.0741882324219,496.938720703125,248.5258026123047,496.938720703125,
rotationsimage005_jpg.rf.a92e9caf8e84421afab11ae206620a53,0,401.0249938964844,231.2254180908203,532.1749877929688,231.2254180908203,532.1749877929688,332.37457275390625,401.0249938964844,332.37457275390625,
rotationsimage005_jpg.rf.a92e9caf8e84421afab11ae206620a53,1,257.15167236328125,193.6466827392578,366.181640625,193.6466827392578,366.181640625,275.6866455078125,257.15167236328125,275.6866455078125,Version 1 QR
rotationsimage005_jpg.rf.a92e9caf8e84421afab11ae206620a53,2,199.3277587890625,365.0156555175781,411.3388977050781,365.0156555175781,411.3388977050781,530.3176879882812,199.3277587890625,530.3176879882812,
2781748576_jpg.rf.a90ec6912647f88a9a1f5f697c240ea2,0,448.712646484375,201.03244018554688,552.287353515625,201.03244018554688,552.287353515625,376.9675598144531,448.712646484375,376.9675598144531,
bright_spotsimage015_jpg.rf.a8753e2912d4f34dc61652c6ce363b63,,,,,,,,,,
1565_U7otkDo5C_jpg.rf.ad826dd3bd6192e75def2f0be02badd8,0,193.55010986328125,280.189697265625,402.44989013671875,280.189697265625,402.44989013671875,473.810302734375,193.55010986328125,473.810302734375,http://www.lubes.id/197/U7otkDo5C
4600_W4wHVVfAB_jpg.rf.ac99b81fbb326efdb72cb3ab58d01157,0,219.5778045654297,87.65345764160156,415.6221618652344,87.65345764160156,415.6221618652344,272.3465270996094,219.5778045654297,272.3465270996094,http://lubes.id/191/W4wHVVfAB
closeimage028_jpg.rf.a9e2f588a634af221a6814fbcf3d43e8,0,0.0,168.28945922851562,556.3331298828125,168.28945922851562,556.3331298828125,639.0,0.0,639.0,
4689610564_jpg.rf.ad5e42eaae4c13f165b85889dc50be35,,,,,,,,,,
bright_spotsimage026_jpg.rf.aed3bb3bbcd5587a9e4e3de034cd289d,,,,,,,,,,
IMG_20220601_161919_jpg.rf.afbfd2529cde6c03dcd909ee11fd002e,,,,,,,,,,
4992344523_jpg.rf.ac7b25da47d4be6f966094dec1c1a2be,0,282.4828186035156,137.44485473632812,394.7171936035156,137.44485473632812,394.7171936035156,248.9551239013672,282.4828186035156,248.9551239013672,M
4992344523_jpg.rf.ac7b25da47d4be6f966094dec1c1a2be,1,154.90992736816406,144.4315948486328,267.49005126953125,144.4315948486328,267.49005126953125,255.5684051513672,154.90992736816406,255.5684051513672,¾z
4992344523_jpg.rf.ac7b25da47d4be6f966094dec1c1a2be,2,276.8316955566406,290.3016052246094,389.8349609375,290.3016052246094,389.8349609375,399.6983947753906,276.8316955566406,399.6983947753906,°
4992344523_jpg.rf.ac7b25da47d4be6f966094dec1c1a2be,3,401.7112731933594,444.433349609375,516.688720703125,444.433349609375,516.688720703125,561.566650390625,401.7112731933594,561.566650390625,­î
4992344523_jpg.rf.ac7b25da47d4be6f966094dec1c1a2be,4,406.45977783203125,279.66973876953125,520.740234375,279.66973876953125,520.740234375,398.33026123046875,406.45977783203125,398.33026123046875,¨K
4992344523_jpg.rf.ac7b25da47d4be6f966094dec1c1a2be,5,147.74227905273438,292.13916015625,260.2577209472656,292.13916015625,260.2577209472656,408.2608337402344,147.74227905273438,408.2608337402344,ül
4992344523_jpg.rf.ac7b25da47d4be6f966094dec1c1a2be,6,410.43865966796875,127.96372985839844,525.5613403320312,127.96372985839844,525.5613403320312,245.6362762451172,410.43865966796875,245.6362762451172,
4992344523_jpg.rf.ac7b25da47d4be6f966094dec1c1a2be,7,271.2296142578125,451.3104553222656,385.57037353515625,451.3104553222656,385.57037353515625,563.8895263671875,271.2296142578125,563.8895263671875,eF
4992344523_jpg.rf.ac7b25da47d4be6f966094dec1c1a2be,8,143.62741088867188,454.22113037109375,254.7725830078125,454.22113037109375,254.7725830078125,568.578857421875,143.62741088867188,568.578857421875,«
5215404745_jpg.rf.af769d70abb600d382cc9c595888ed5e,,,,,,,,,,
rotationsimage013_jpg.rf.af69ca683d113a500ea367a116874d4d,0,78.643310546875,260.93939208984375,243.356689453125,260.93939208984375,243.356689453125,402.06060791015625,78.643310546875,402.06060791015625,
rotationsimage013_jpg.rf.af69ca683d113a500ea367a116874d4d,1,166.00587463378906,378.7315368652344,314.6607971191406,378.7315368652344,314.6607971191406,509.9351501464844,166.00587463378906,509.9351501464844,Version 1 QR
rotationsimage013_jpg.rf.af69ca683d113a500ea367a116874d4d,2,284.78167724609375,172.78497314453125,551.2183227539062,172.78497314453125,551.2183227539062,389.21502685546875,284.78167724609375,389.21502685546875,
closeimage031_jpg.rf.ae7ff93d78bc127b3311830d19251559,0,0.0,8.401657104492188,639.0,8.401657104492188,639.0,639.0,0.0,639.0,
3413082126_jpg.rf.b113fae9f12278b269a0194d41471873,0,77.72942352294922,112.99330139160156,208.6705780029297,112.99330139160156,208.6705780029297,226.2067108154297,77.72942352294922,226.2067108154297,
blurredimage028_jpg.rf.b1023c085723926e76d5b31b68abd074,0,153.20584106445312,117.85291290283203,608.794189453125,117.85291290283203,608.794189453125,606.1470947265625,153.20584106445312,606.1470947265625,http://goo.gl/ErBxV
4994326352_jpg.rf.b0ddcae078e0caae4770acdb6f93c1d7,0,456.4641418457031,301.1773376464844,619.535888671875,301.1773376464844,619.535888671875,497.8226623535156,456.4641418457031,497.8226623535156,
4994326352_jpg.rf.b0ddcae078e0caae4770acdb6f93c1d7,1,57.8215446472168,347.5008850097656,196.17845153808594,347.5008850097656,196.17845153808594,538.4990844726562,57.8215446472168,538.4990844726562,
closeimage037_jpg.rf.b17c12c27a96f4a4a89c8f897e5eba3e,0,27.54303741455078,215.9593048095703,562.4569702148438,215.9593048095703,562.4569702148438,598.0407104492188,27.54303741455078,598.0407104492188,
4330874923_jpg.rf.b186ab2f23d603ef3f5a1579cb832917,0,220.54283142089844,178.40652465820312,369.4571533203125,178.40652465820312,369.4571533203125,371.5934753417969,220.54283142089844,371.5934753417969,
4807729131_jpg.rf.b25502135870338f6a461effedfde987,0,194.48829650878906,207.4883270263672,429.5116882324219,207.4883270263672,429.5116882324219,400.5116882324219,194.48829650878906,400.5116882324219,The message is: There is no message
nominalimage063_jpg.rf.b27627fbacb2d00a186e270e47b20010,0,101.35589599609375,149.77809143066406,484.64410400390625,149.77809143066406,484.64410400390625,498.221923828125,101.35589599609375,498.221923828125,
4036841984_jpg.rf.b09b6fa132053a411cd201735d927168,0,152.4789581298828,20.683748245239258,320.321044921875,20.683748245239258,320.321044921875,173.71624755859375,152.4789581298828,173.71624755859375,
monitorimage009_jpg.rf.b05f7f168583f6be8cc4c95bd1b618be,0,0.0,0.0,639.0,0.0,639.0,639.0,0.0,639.0,This is a computer generated QR Code
IMG_20220601_163647_jpg.rf.b29969e2f11f82caa62bf05820273362,,,,,,,,,,
blurredimage041_jpg.rf.b168f8514393454921f228a071149d35,0,222.83489990234375,200.8246612548828,559.1651000976562,200.8246612548828,559.1651000976562,524.5086669921875,222.83489990234375,524.5086669921875,
5142860075_jpg.rf.b2d0a3c9894d6e5b5c0a49c95e55956a,0,229.05606079101562,187.6685791015625,434.9439392089844,187.6685791015625,434.9439392089844,464.3314208984375,229.05606079101562,464.3314208984375,
IMG_20220529_144613_jpg.rf.b346f6657c0a2700bf05a3891cd03de0,,,,,,,,,,
1089_U71Lae9cC_jpg.rf.b3d31d77b2f78f2e558228c316f08618,0,81.77997589111328,46.698875427246094,578.2200317382812,46.698875427246094,578.2200317382812,503.3011169433594,81.77997589111328,503.3011169433594,http://www.lubes.id/197/U71Lae9cC
rotationsimage008_jpg.rf.b3b88d0349e41b64755fa70b90b1352e,0,273.8285217285156,337.9467468261719,548.1714477539062,337.9467468261719,548.1714477539062,566.05322265625,273.8285217285156,566.05322265625,ABC 123456789 ABC 123456789 ABC 123456789 ABC 123456789 ABC 123456789 ABC 123456789 ABC 123456789 ABC 123456789 ABC 123456789 ABC 123456789 ABC 123456789 ABC 123456789 ABC 123456789 ABC 123456789 ABC 123456789
rotationsimage008_jpg.rf.b3b88d0349e41b64755fa70b90b1352e,1,289.5059814453125,184.81248474121094,448.4940185546875,184.81248474121094,448.4940185546875,319.85418701171875,289.5059814453125,319.85418701171875,
rotationsimage008_jpg.rf.b3b88d0349e41b64755fa70b90b1352e,2,143.31741333007812,236.83493041992188,285.6825866699219,236.83493041992188,285.6825866699219,360.1650695800781,143.31741333007812,360.1650695800781,
0726245141_jpg.rf.b48fc22c45a859b05bd1338c47e6c89d,0,264.15399169921875,266.04766845703125,411.84600830078125,266.04766845703125,411.84600830078125,461.95233154296875,264.15399169921875,461.95233154296875,
5011786146_jpg.rf.b1886bd291b9543657b6c8592fbad066,0,342.425537109375,234.9239959716797,412.37445068359375,234.9239959716797,412.37445068359375,287.8760070800781,342.425537109375,287.8760070800781,http://bigread.tscpl.org
5100495935_jpg.rf.b109d1381ab9a503f35629ebf16bd8b8,0,125.44479370117188,122.24813079833984,213.2218780517578,122.24813079833984,213.2218780517578,215.7518768310547,125.44479370117188,215.7518768310547,
closeimage009_jpg.rf.b1d2a619a7a883c428e4948b2ce47aff,0,0.0,67.19769287109375,639.0,67.19769287109375,639.0,639.0,0.0,639.0,
monitorimage014_jpg.rf.b4238263cbaa915e3bc7fbb5d5ef35d6,0,37.14982604980469,33.52704620361328,616.8501586914062,33.52704620361328,616.8501586914062,634.4729614257812,37.14982604980469,634.4729614257812,
IMG_20220530_143625_jpg.rf.b4a76ab981c94e94bc17c099df5164f0,0,262.6322021484375,307.1084899902344,342.9678039550781,307.1084899902344,342.9678039550781,372.49151611328125,262.6322021484375,372.49151611328125,
nominalimage059_jpg.rf.b0c944523ce272749fa4ecc8a2cec8bf,0,95.16876220703125,114.75035095214844,442.83123779296875,114.75035095214844,442.83123779296875,467.2496643066406,95.16876220703125,467.2496643066406,
IMG_20220601_164950_jpg.rf.a8aef0e10df91ea7c1fed44b44dd2cc0,,,,,,,,,,
rotationsimage042_jpg.rf.b4f6d9759d143d1672b2668dc5b92b85,0,308.501220703125,403.62347412109375,508.29876708984375,403.62347412109375,508.29876708984375,563.5765380859375,308.501220703125,563.5765380859375,
rotationsimage042_jpg.rf.b4f6d9759d143d1672b2668dc5b92b85,1,447.8463134765625,323.8016052246094,584.8203735351562,323.8016052246094,584.8203735351562,423.53173828125,447.8463134765625,423.53173828125,
rotationsimage042_jpg.rf.b4f6d9759d143d1672b2668dc5b92b85,2,154.30697631835938,146.4183349609375,347.6930236816406,146.4183349609375,347.6930236816406,412.5816650390625,154.30697631835938,412.5816650390625,
4123610847_jpg.rf.b4c69b1eac6a7fab9ae61832c297b54d,0,418.3126220703125,397.4698181152344,524.3540649414062,397.4698181152344,524.3540649414062,469.863525390625,418.3126220703125,469.863525390625,http://at.zkm.de/einladung/3
4123610847_jpg.rf.b4c69b1eac6a7fab9ae61832c297b54d,1,275.0616760253906,398.04876708984375,384.1383361816406,398.04876708984375,384.1383361816406,470.3512268066406,275.0616760253906,470.3512268066406,http://at.zkm.de/einladung/2
4123610847_jpg.rf.b4c69b1eac6a7fab9ae61832c297b54d,2,0.0,54.578407287597656,104.75630950927734,54.578407287597656,104.75630950927734,126.42159271240234,0.0,126.42159271240234,
4123610847_jpg.rf.b4c69b1eac6a7fab9ae61832c297b54d,3,202.07522583007812,309.4019775390625,311.9247741699219,309.4019775390625,311.9247741699219,381.5980224609375,202.07522583007812,381.5980224609375,http://at.zkm.de/einladung/6
4123610847_jpg.rf.b4c69b1eac6a7fab9ae61832c297b54d,4,57.8394775390625,309.421142578125,169.1605224609375,309.421142578125,169.1605224609375,381.578857421875,57.8394775390625,381.578857421875,http://at.zkm.de/einladung/5
4123610847_jpg.rf.b4c69b1eac6a7fab9ae61832c297b54d,5,486.219482421875,311.0768737792969,590.4472045898438,311.0768737792969,590.4472045898438,382.9231262207031,486.219482421875,382.9231262207031,http://at.zkm.de/einladung/8
4123610847_jpg.rf.b4c69b1eac6a7fab9ae61832c297b54d,6,64.88322448730469,140.08712768554688,172.71678161621094,140.08712768554688,172.71678161621094,209.1128692626953,64.88322448730469,209.1128692626953,http://at.zkm.de/einladung/5
4123610847_jpg.rf.b4c69b1eac6a7fab9ae61832c297b54d,7,133.26644897460938,224.51904296875,241.5335693359375,224.51904296875,241.5335693359375,294.68096923828125,133.26644897460938,294.68096923828125,http://at.zkm.de/einladung/1
4123610847_jpg.rf.b4c69b1eac6a7fab9ae61832c297b54d,8,204.66513061523438,138.88165283203125,312.3348693847656,138.88165283203125,312.3348693847656,209.11834716796875,204.66513061523438,209.11834716796875,http://at.zkm.de/einladung/6
4123610847_jpg.rf.b4c69b1eac6a7fab9ae61832c297b54d,9,276.5182189941406,55.886043548583984,382.8150939941406,55.886043548583984,382.8150939941406,127.4472885131836,276.5182189941406,127.4472885131836,
4123610847_jpg.rf.b4c69b1eac6a7fab9ae61832c297b54d,10,545.8406982421875,64.39225769042969,639.0,64.39225769042969,639.0,133.6077423095703,545.8406982421875,133.6077423095703,
4123610847_jpg.rf.b4c69b1eac6a7fab9ae61832c297b54d,11,417.4277038574219,224.8167724609375,521.9056396484375,224.8167724609375,521.9056396484375,297.8498840332031,417.4277038574219,297.8498840332031,http://at.zkm.de/einladung/3
4123610847_jpg.rf.b4c69b1eac6a7fab9ae61832c297b54d,12,415.2268981933594,59.913021087646484,517.4397583007812,59.913021087646484,517.4397583007812,130.75364685058594,415.2268981933594,130.75364685058594,
4123610847_jpg.rf.b4c69b1eac6a7fab9ae61832c297b54d,13,129.57301330566406,398.1827697753906,241.09364318847656,398.1827697753906,241.09364318847656,470.48388671875,129.57301330566406,470.48388671875,http://at.zkm.de/einladung/1
4123610847_jpg.rf.b4c69b1eac6a7fab9ae61832c297b54d,14,347.6263732910156,139.8581085205078,453.040283203125,139.8581085205078,453.040283203125,212.1418914794922,347.6263732910156,212.1418914794922,
4123610847_jpg.rf.b4c69b1eac6a7fab9ae61832c297b54d,15,483.9883728027344,142.8939971923828,584.6782836914062,142.8939971923828,584.6782836914062,215.1060028076172,483.9883728027344,215.1060028076172,
4123610847_jpg.rf.b4c69b1eac6a7fab9ae61832c297b54d,16,346.3119812011719,309.6290588378906,454.6880187988281,309.6290588378906,454.6880187988281,381.3709411621094,346.3119812011719,381.3709411621094,http://at.zkm.de/einladung/7
4123610847_jpg.rf.b4c69b1eac6a7fab9ae61832c297b54d,17,276.1221008300781,224.4202423095703,383.8779296875,224.4202423095703,383.8779296875,295.5797424316406,276.1221008300781,295.5797424316406,http://at.zkm.de/einladung/2
4123610847_jpg.rf.b4c69b1eac6a7fab9ae61832c297b54d,18,136.88995361328125,56.43522262573242,242.71005249023438,56.43522262573242,242.71005249023438,124.7647705078125,136.88995361328125,124.7647705078125,http://at.zkm.de/einladung/1
4123610847_jpg.rf.b4c69b1eac6a7fab9ae61832c297b54d,19,0.0,217.9306182861328,95.52864074707031,217.9306182861328,95.52864074707031,339.66937255859375,0.0,339.66937255859375,
IMG_20220530_161521_jpg.rf.b5e9ea7d8d150a8648bf9175d16473b9,,,,,,,,,,
3442952292_jpg.rf.b7b1060f9abb9acf907c1b10a51c8b23,0,194.3587188720703,189.6889190673828,255.6412811279297,189.6889190673828,255.6412811279297,297.5110778808594,194.3587188720703,297.5110778808594,02.You shall not make for yourself an idol
3442952292_jpg.rf.b7b1060f9abb9acf907c1b10a51c8b23,1,292.90948486328125,364.61944580078125,347.4905090332031,364.61944580078125,347.4905090332031,460.58050537109375,292.90948486328125,460.58050537109375,08.You shall not steal
3442952292_jpg.rf.b7b1060f9abb9acf907c1b10a51c8b23,2,286.47137451171875,183.0312042236328,354.1953125,183.0312042236328,354.1953125,303.6354675292969,286.47137451171875,303.6354675292969,03.You shall not make wrongful use of the name of your God
3442952292_jpg.rf.b7b1060f9abb9acf907c1b10a51c8b23,3,102.35018920898438,364.0688781738281,157.2498016357422,364.0688781738281,157.2498016357422,461.5310974121094,102.35018920898438,461.5310974121094,06.You shall not kill
3442952292_jpg.rf.b7b1060f9abb9acf907c1b10a51c8b23,4,385.1064147949219,189.3600616455078,445.693603515625,189.3600616455078,445.693603515625,297.8399353027344,385.1064147949219,297.8399353027344,
3442952292_jpg.rf.b7b1060f9abb9acf907c1b10a51c8b23,5,194.77867126464844,358.42315673828125,255.22134399414062,358.42315673828125,255.22134399414062,466.3768615722656,194.77867126464844,466.3768615722656,07.You shall not commit adultery.
3442952292_jpg.rf.b7b1060f9abb9acf907c1b10a51c8b23,6,482.51171875,194.3376007080078,538.6882934570312,194.3376007080078,538.6882934570312,292.0624084472656,482.51171875,292.0624084472656,
3442952292_jpg.rf.b7b1060f9abb9acf907c1b10a51c8b23,7,381.19744873046875,353.0103454589844,449.6025390625,353.0103454589844,449.6025390625,471.7896423339844,381.19744873046875,471.7896423339844,
3442952292_jpg.rf.b7b1060f9abb9acf907c1b10a51c8b23,8,467.5059509277344,335.8466796875,553.6940307617188,335.8466796875,553.6940307617188,489.35333251953125,467.5059509277344,489.35333251953125,"10.You shall not covet your neighbor's wife, you shall not covet anything that belongs to your neighbor"
3442952292_jpg.rf.b7b1060f9abb9acf907c1b10a51c8b23,9,92.92135620117188,177.9183349609375,166.6786346435547,177.9183349609375,166.6786346435547,309.28167724609375,92.92135620117188,309.28167724609375,"01.I am the Lord your God, you shall have no other gods before me"
perspectiveimage007_jpg.rf.b5393fbc53b231c4644502d9a92aa49b,0,231.8157196044922,232.4442596435547,330.1842956542969,232.4442596435547,330.1842956542969,408.55572509765625,231.8157196044922,408.55572509765625,
3877234588_jpg.rf.b5fb9a6d01735d8a8d65b545fec91365,,,,,,,,,,
IMG_20220604_164246_jpg.rf.b6dc487d1e69112d40d7d2521281be71,,,,,,,,,,
brightnessimage009_jpg.rf.b6c0053483dd7a652d27584b0ae70ff3,0,387.05230712890625,368.4375,492.94769287109375,368.4375,492.94769287109375,446.5625,387.05230712890625,446.5625,
brightnessimage009_jpg.rf.b6c0053483dd7a652d27584b0ae70ff3,1,433.4415283203125,261.6072082519531,525.8917846679688,261.6072082519531,525.8917846679688,331.0594482421875,433.4415283203125,331.0594482421875,
brightnessimage009_jpg.rf.b6c0053483dd7a652d27584b0ae70ff3,2,131.48841857910156,256.87237548828125,312.111572265625,256.87237548828125,312.111572265625,391.12762451171875,131.48841857910156,391.12762451171875,
3963454490_jpg.rf.b7751d2929aeb340e94a125ddfbf215f,,,,,,,,,,
4013506657_jpg.rf.b5901a67ce5d9af46ac7f66f540e1348,,,,,,,,,,
4243670985_jpg.rf.b6d3dca1e85369202642b02b19e9b3db,,,,,,,,,,
3988452645_jpg.rf.b70ba8f538844815b1c49f192b963f27,0,105.14689636230469,159.50709533691406,572.8530883789062,159.50709533691406,572.8530883789062,474.492919921875,105.14689636230469,474.492919921875,
2928308769_jpg.rf.b6f610eb48020bef5141bd03f4c96419,0,265.94207763671875,124.55094909667969,427.05792236328125,124.55094909667969,427.05792236328125,336.44903564453125,265.94207763671875,336.44903564453125,http://avin.cc/m/AVIN1894536902599
4340208601_jpg.rf.b5385c68f58541787d327909b8343251,0,238.29678344726562,115.14395904541016,376.7032165527344,115.14395904541016,376.7032165527344,297.8560485839844,238.29678344726562,297.8560485839844,http://www.digitalscarborough.org
brightnessimage003_jpg.rf.b871a1c7ea0695b4cb90e5288c63764b,0,397.0058898925781,384.8987731933594,502.9941101074219,384.8987731933594,502.9941101074219,463.7679138183594,397.0058898925781,463.7679138183594,Version 2 QR Code Test Image
brightnessimage003_jpg.rf.b871a1c7ea0695b4cb90e5288c63764b,1,445.4815673828125,280.5786437988281,534.5184326171875,280.5786437988281,534.5184326171875,346.7546691894531,445.4815673828125,346.7546691894531,Version 1 QR
brightnessimage003_jpg.rf.b871a1c7ea0695b4cb90e5288c63764b,2,146.87234497070312,273.8872985839844,321.92767333984375,273.8872985839844,321.92767333984375,402.9126892089844,146.87234497070312,402.9126892089844,
3066871844_jpg.rf.b4dd68230799be24c969a7cd2391e21a,0,31.225143432617188,478.90350341796875,120.3748550415039,478.90350341796875,120.3748550415039,543.896484375,31.225143432617188,543.896484375,http://www.city.shinjuku.tokyo.jp/mobile/index_mobile.html
noncompliantimage011_jpg.rf.b8e81b12154040fe40d5ee094cfbc92f,0,5.340474605560303,222.0636749267578,325.99285888671875,222.0636749267578,325.99285888671875,607.9363403320312,5.340474605560303,607.9363403320312,http://q-r.to/bafD2I
noncompliantimage011_jpg.rf.b8e81b12154040fe40d5ee094cfbc92f,1,305.09228515625,47.845298767089844,622.90771484375,47.845298767089844,622.90771484375,426.1546936035156,305.09228515625,426.1546936035156,
2343325175_jpg.rf.b56e3d6cf925b91c104e01f5c09ff1d6,0,25.7684326171875,367.43743896484375,340.2315673828125,367.43743896484375,340.2315673828125,592.5625610351562,25.7684326171875,592.5625610351562,http://semapedia.org/v/Gratitude
2343325175_jpg.rf.b56e3d6cf925b91c104e01f5c09ff1d6,1,195.81607055664062,177.5923309326172,468.1839294433594,177.5923309326172,468.1839294433594,386.4076843261719,195.81607055664062,386.4076843261719,
brightnessimage011_jpg.rf.b55c5b2f9ddae3f7ee0259f13678208a,0,383.03662109375,381.39044189453125,499.76336669921875,381.39044189453125,499.76336669921875,465.4095764160156,383.03662109375,465.4095764160156,Version 2 QR Code Test Image
brightnessimage011_jpg.rf.b55c5b2f9ddae3f7ee0259f13678208a,1,95.86776733398438,253.5623779296875,300.1322326660156,253.5623779296875,300.1322326660156,402.4376220703125,95.86776733398438,402.4376220703125,
brightnessimage011_jpg.rf.b55c5b2f9ddae3f7ee0259f13678208a,2,435.372314453125,263.3410949707031,537.627685546875,263.3410949707031,537.627685546875,337.6589050292969,435.372314453125,337.6589050292969,Version 1 QR
3482714875_jpg.rf.b522c804fb564a207f943b606f771733,0,234.0355224609375,424.6684265136719,412.6311340332031,424.6684265136719,412.6311340332031,605.3316040039062,234.0355224609375,605.3316040039062,http://www.port.ac.uk/ct
4222508753_jpg.rf.b6dff70b755d8524873f525f55cca04c,0,281.1759033203125,180.59518432617188,474.8240966796875,180.59518432617188,474.8240966796875,446.4048156738281,281.1759033203125,446.4048156738281,
blurredimage004_jpg.rf.b61c76cb93fe57cf9374f78460e23167,0,225.6142120361328,196.91421508789062,333.5857849121094,196.91421508789062,333.5857849121094,375.88580322265625,225.6142120361328,375.88580322265625,
damagedimage003_jpg.rf.b6aea255937e1c73acc1a7d9d9d82a54,0,288.4821472167969,54.96841812133789,398.5178527832031,54.96841812133789,398.5178527832031,202.03158569335938,288.4821472167969,202.03158569335938,kooTEK
damagedimage003_jpg.rf.b6aea255937e1c73acc1a7d9d9d82a54,1,291.3898620605469,240.09457397460938,405.6101379394531,240.09457397460938,405.6101379394531,396.9054260253906,291.3898620605469,396.9054260253906,
damagedimage003_jpg.rf.b6aea255937e1c73acc1a7d9d9d82a54,2,299.8346862792969,437.2835693359375,406.1653137207031,437.2835693359375,406.1653137207031,584.7164306640625,299.8346862792969,584.7164306640625,
rotationsimage033_jpg.rf.b7160901302218f840a1b3f4bf7b9ae2,0,155.84823608398438,199.0196075439453,308.81842041015625,199.0196075439453,308.81842041015625,300.313720703125,155.84823608398438,300.313720703125,
rotationsimage033_jpg.rf.b7160901302218f840a1b3f4bf7b9ae2,1,286.35302734375,290.8959045410156,583.64697265625,290.8959045410156,583.64697265625,485.1040954589844,286.35302734375,485.1040954589844,
rotationsimage033_jpg.rf.b7160901302218f840a1b3f4bf7b9ae2,2,29.69384765625,273.1341857910156,187.6394805908203,273.1341857910156,187.6394805908203,389.532470703125,29.69384765625,389.532470703125,
closeimage015_jpg.rf.b94187c14efeccf4be41d426b842ebc5,0,0.0,27.09979248046875,639.0,27.09979248046875,639.0,639.0,0.0,639.0,
nominalimage025_jpg.rf.b9397f41994825f0fc3213b89b5cec39,0,116.60218811035156,239.250244140625,260.3978271484375,239.250244140625,260.3978271484375,459.749755859375,116.60218811035156,459.749755859375,
4043359287_jpg.rf.b97cfa081389d6c039dd884fc645df0f,0,255.21710205078125,160.3675994873047,400.78289794921875,160.3675994873047,400.78289794921875,276.63238525390625,255.21710205078125,276.63238525390625,
4933142246_jpg.rf.bb18419c9c52a57ce8fd872a479c866a,0,229.97027587890625,200.66226196289062,453.02972412109375,200.66226196289062,453.02972412109375,491.3377380371094,229.97027587890625,491.3377380371094,
lotsimage005_jpg.rf.b9cf01efe90eb167d16b8201edd75ec7,,,,,,,,,,
2423843117_jpg.rf.ba24607b4241c1442596fc29a5e9a6f3,0,196.2060546875,421.42034912109375,360.7939453125,421.42034912109375,360.7939453125,627.5796508789062,196.2060546875,627.5796508789062,
4099642526_jpg.rf.baff94e673e59dad2842053ba1718990,0,398.5409851074219,461.03070068359375,518.4590454101562,461.03070068359375,518.4590454101562,624.9692993164062,398.5409851074219,624.9692993164062,http://caseorganic.delivr.com/10nwj_qr
5053297805_jpg.rf.bbbb4380d507fdd82abd888c461740d4,0,304.42596435546875,416.9967956542969,474.57403564453125,416.9967956542969,474.57403564453125,548.0032348632812,304.42596435546875,548.0032348632812,
glareimage002_jpg.rf.b9bb4062802244f751b5f72ded2d55d7,0,143.67269897460938,133.7738494873047,366.3273010253906,133.7738494873047,366.3273010253906,440.22613525390625,143.67269897460938,440.22613525390625,
bright_spotsimage018_jpg.rf.bbe96b0f3f8aec27947bce404dbc16e4,,,,,,,,,,
3623972224_jpg.rf.b86c028d9771e6d13ea257fc274ee3f2,0,314.31036376953125,333.35467529296875,365.68963623046875,333.35467529296875,365.68963623046875,398.64532470703125,314.31036376953125,398.64532470703125,03            001                                 0001302!@&
4711721515_jpg.rf.b983f196437954459899d73880efe0a2,0,381.9445495605469,383.7228088378906,482.7221374511719,383.7228088378906,482.7221374511719,522.2771606445312,381.9445495605469,522.2771606445312,
high_versionimage032_jpg.rf.bea5c685d65b39144b7cf6c915fb7bd6,0,20.043617248535156,20.043617248535156,616.9563598632812,20.043617248535156,616.9563598632812,616.9563598632812,20.043617248535156,616.9563598632812,"QR code (abbreviated from Quick Response Code) is the trademark for a type of matrix barcode (or two-dimensional barcode) first designed in 1994 for the automotive industry in Japan.[1] A barcode is a machine-readable optical label that contains information about the item to which it is attached. In practice, QR codes often contain data for a locator, identifier, or tracker that points to a website or application. A QR code uses four standardized encoding modes (numeric, alphanumeric, byte/binary, and kanji) to store data efficiently; extensions may also be used.[2]

The Quick Response system became popular outside the automotive industry due to its fast readability and greater "
4791733013_jpg.rf.bc19085b5e77b889b2ab3d0948397ff0,,,,,,,,,,
nominalimage034_jpg.rf.bc562d3c367ca07467dd7f4d29be581c,0,249.4539031982422,245.42677307128906,352.5461120605469,245.42677307128906,352.5461120605469,323.2398986816406,249.4539031982422,323.2398986816406,http://weixin.qq.com/r/FnUnPxnE2kSlrV1c9yAE
IMG_20220602_172051_jpg.rf.b9c369a4d53891fd75c9a98b918ed1cb,0,388.91156005859375,306.7939147949219,468.2884216308594,306.7939147949219,468.2884216308594,366.0060729980469,388.91156005859375,366.0060729980469,https://wa.me/qr/3O4CRRQ3URXLE1
IMG_20220602_172734_jpg.rf.bc3a625d1a4dddc3767eb1e80c1781d9,,,,,,,,,,
IMG_20220602_172110_jpg.rf.bd21758e72d1dcdc8fbac668b896315e,,,,,,,,,,
bright_spotsimage011_jpg.rf.be36ba467194b90a6c872aed520071bf,0,81.71187591552734,98.27569580078125,222.9547882080078,98.27569580078125,222.9547882080078,205.72430419921875,81.71187591552734,205.72430419921875,
bright_spotsimage011_jpg.rf.be36ba467194b90a6c872aed520071bf,1,273.6549987792969,195.2918701171875,355.0116271972656,195.2918701171875,355.0116271972656,259.3747863769531,273.6549987792969,259.3747863769531,
bright_spotsimage021_jpg.rf.ba0e0447ae004a1d94a0784933dfa773,0,135.51693725585938,256.57366943359375,316.08306884765625,256.57366943359375,316.08306884765625,390.226318359375,135.51693725585938,390.226318359375,
1370704741_jpg.rf.bc3eb515e2618ad97e000458f2c83a41,,,,,,,,,,
0286700632_jpg.rf.bd26c050b5ae841c10aa5582e008403b,0,187.1223907470703,90.90019226074219,412.87762451171875,90.90019226074219,412.87762451171875,411.09979248046875,187.1223907470703,411.09979248046875,
5040808242_jpg.rf.bd40d67a7a601878160dfe2128e1c195,0,239.34339904785156,245.29942321777344,354.6565856933594,245.29942321777344,354.6565856933594,336.0339050292969,239.34339904785156,336.0339050292969,
4106364929_jpg.rf.bd720276c6d3f5b2ed937047c9cbf458,0,369.8564147949219,202.53936767578125,448.8102722167969,202.53936767578125,448.8102722167969,311.46063232421875,369.8564147949219,311.46063232421875,
4106364929_jpg.rf.bd720276c6d3f5b2ed937047c9cbf458,1,219.68142700195312,332.2778015136719,308.3185729980469,332.2778015136719,308.3185729980469,464.7221984863281,219.68142700195312,464.7221984863281,
4106364929_jpg.rf.bd720276c6d3f5b2ed937047c9cbf458,2,329.6769104003906,328.1738586425781,414.9897766113281,328.1738586425781,414.9897766113281,455.1594543457031,329.6769104003906,455.1594543457031,http://at.zkm.de/einladung/1
4106364929_jpg.rf.bd720276c6d3f5b2ed937047c9cbf458,3,165.12820434570312,200.57159423828125,248.20513916015625,200.57159423828125,248.20513916015625,318.0950622558594,165.12820434570312,318.0950622558594,
4106364929_jpg.rf.bd720276c6d3f5b2ed937047c9cbf458,4,272.21240234375,202.48585510253906,352.4542541503906,202.48585510253906,352.4542541503906,313.5141296386719,272.21240234375,313.5141296386719,http://at.zkm.de/einladung/6
2985146218_jpg.rf.bcd61103c5ede0f746889298ecb7c346,0,332.5169677734375,329.88934326171875,478.4830322265625,329.88934326171875,478.4830322265625,443.11065673828125,332.5169677734375,443.11065673828125,
3831779038_jpg.rf.bac9770d37ac2f851bd9f96f8b193bfd,0,228.34930419921875,194.47634887695312,387.65069580078125,194.47634887695312,387.65069580078125,437.5236511230469,228.34930419921875,437.5236511230469,http://streetartdealer.com/launch
nominalimage013_jpg.rf.baf5c7d7742bba54ac1e58dc1a015af9,0,287.1867370605469,169.18829345703125,511.8132629394531,169.18829345703125,511.8132629394531,402.81170654296875,287.1867370605469,402.81170654296875,
IMG_20220602_172128_jpg.rf.bedc4f5a610b1f87909ed2c4e1bccb4b,,,,,,,,,,
3210084213_jpg.rf.becdfb04b7747e9468df7eefb9a39a08,0,453.0844421386719,301.8655700683594,556.2489013671875,301.8655700683594,556.2489013671875,479.4677734375,453.0844421386719,479.4677734375,http://semapedia.org/v/Barack_Obama_2009_presidential_inauguration
2318857845_jpg.rf.bf0c7e9c27bdc4e2a7ffacf5ab748280,0,269.7545166015625,328.24041748046875,324.2454833984375,328.24041748046875,324.2454833984375,404.5596008300781,269.7545166015625,404.5596008300781,
4370601426_jpg.rf.bee19a3db1a189642c9a443ec31fc4a4,0,193.84390258789062,182.8102264404297,473.1560974121094,182.8102264404297,473.1560974121094,336.18975830078125,193.84390258789062,336.18975830078125,
2698677465_jpg.rf.bd7ba98116a5c933a41db053995c4f38,0,98.45121002197266,179.38575744628906,242.34878540039062,179.38575744628906,242.34878540039062,370.6142578125,98.45121002197266,370.6142578125,
rotationsimage011_jpg.rf.bfb2ca6985afee22f936aa16cbc9416b,0,189.41127014160156,233.6571502685547,302.1887512207031,233.6571502685547,302.1887512207031,316.74285888671875,189.41127014160156,316.74285888671875,Version 2 QR Code Test Image
rotationsimage011_jpg.rf.bfb2ca6985afee22f936aa16cbc9416b,1,155.60879516601562,361.10186767578125,253.59121704101562,361.10186767578125,253.59121704101562,436.8981018066406,155.60879516601562,436.8981018066406,Version 1 QR
rotationsimage011_jpg.rf.bfb2ca6985afee22f936aa16cbc9416b,2,386.4237060546875,290.86749267578125,586.5762939453125,290.86749267578125,586.5762939453125,440.13250732421875,386.4237060546875,440.13250732421875,
3360040540_jpg.rf.c106932912e7b4ea236606ff72932515,0,52.84453582763672,92.55322265625,207.15545654296875,92.55322265625,207.15545654296875,315.44677734375,52.84453582763672,315.44677734375,
3167792340_jpg.rf.c19510a49211841cdaef90d9d7e75a14,,,,,,,,,,
closeimage003_jpg.rf.c092071ab1cbb22312f662bab889dd1f,0,60.085296630859375,123.07099151611328,616.9146728515625,123.07099151611328,616.9146728515625,566.9290161132812,60.085296630859375,566.9290161132812,
brightnessimage016_jpg.rf.bf292e6f71e186b3c44379968f3d402c,,,,,,,,,,
1197_U7F9HkNLC_jpg.rf.c0b18f68fa10b0c72ec19d7285d91b07,0,201.79127502441406,295.3648681640625,386.2087097167969,295.3648681640625,386.2087097167969,474.6351318359375,201.79127502441406,474.6351318359375,
5164183640_jpg.rf.c4d3c3d75eb2b49fa61d98901e82a246,0,369.5101013183594,162.98724365234375,525.4899291992188,162.98724365234375,525.4899291992188,392.01275634765625,369.5101013183594,392.01275634765625,http://decode.kaywa.com/2021814409
5283866481_jpg.rf.c56447874b561273f2fee4f6ce5cf7c3,0,178.9994354248047,104.05795288085938,473.00054931640625,104.05795288085938,473.00054931640625,397.9420471191406,178.9994354248047,397.9420471191406,
5283866481_jpg.rf.c56447874b561273f2fee4f6ce5cf7c3,1,45.7621955871582,459.0941162109375,140.23780822753906,459.0941162109375,140.23780822753906,566.9058837890625,45.7621955871582,566.9058837890625,
4021470349_jpg.rf.c24c7900c373deb0c8f88c817d9b1721,0,265.2131042480469,351.5624084472656,434.7868957519531,351.5624084472656,434.7868957519531,462.4375915527344,265.2131042480469,462.4375915527344,http://kunstkeim.de
2677262209_jpg.rf.c0f110b4cf469fd595688262feef8a94,0,9.552355766296387,113.3987808227539,143.1143035888672,113.3987808227539,143.1143035888672,449.2679138183594,9.552355766296387,449.2679138183594,Welcome to QRBarcode.co.uk
blurredimage019_jpg.rf.c381e7eab48c49bb71dedae4304c1189,0,96.5379638671875,178.38623046875,310.1286926269531,178.38623046875,310.1286926269531,338.2804260253906,96.5379638671875,338.2804260253906,
blurredimage019_jpg.rf.c381e7eab48c49bb71dedae4304c1189,1,391.9731750488281,309.6253662109375,514.02685546875,309.6253662109375,514.02685546875,398.7746276855469,391.9731750488281,398.7746276855469,
blurredimage019_jpg.rf.c381e7eab48c49bb71dedae4304c1189,2,446.5320739746094,185.45384216308594,552.6679077148438,185.45384216308594,552.6679077148438,266.1461486816406,446.5320739746094,266.1461486816406,
IMG_20220530_161247_jpg.rf.c339b083c6f059d444c01dabf67940c8,,,,,,,,,,
4711096515_jpg.rf.bf7aef8a237eb3b7b01cc7f1601fe8de,0,253.3642578125,67.74493408203125,399.83575439453125,67.74493408203125,399.83575439453125,150.25506591796875,253.3642578125,150.25506591796875,
high_versionimage016_jpg.rf.c682d0cf09449bf16ae5a8e3665ecedf,0,57.69662857055664,51.959259033203125,594.3034057617188,51.959259033203125,594.3034057617188,559.3740844726562,57.69662857055664,559.3740844726562,
glareimage043_jpg.rf.bfdbb3eb04c272af69bd996ede2e7458,0,72.30536651611328,97.4629898071289,619.0279541015625,97.4629898071289,619.0279541015625,612.5369873046875,72.30536651611328,612.5369873046875,
pathologicalimage009_png_jpg.rf.c275353322a19d88203423c1171d64a9,,,,,,,,,,
rotationsimage036_jpg.rf.c4e6f55f0f1f10c137e3dccd8fdff00b,0,84.47767639160156,357.8019104003906,263.1223449707031,357.8019104003906,263.1223449707031,496.99810791015625,84.47767639160156,496.99810791015625,
rotationsimage036_jpg.rf.c4e6f55f0f1f10c137e3dccd8fdff00b,1,298.5559387207031,205.168212890625,577.444091796875,205.168212890625,577.444091796875,402.831787109375,298.5559387207031,402.831787109375,
4403_W4V5aRQjB_jpg.rf.c0df75f5f9e413fa7d8dcab1e368a75f,,,,,,,,,,
v3VCard-Encoding_png_jpg.rf.c634e58f78ded1cbdf326b8a097007b8,0,12.852344512939453,12.852344512939453,625.1476440429688,12.852344512939453,625.1476440429688,625.1476440429688,12.852344512939453,625.1476440429688,"BEGIN:VCARD
VERSION:2.1
N;ENCODING=QUOTED-PRINTABLE;CHARSET=UTF-8:St=C3=A3ndards;Jos=C3=A9
FN;ENCODING=QUOTED-PRINTABLE;CHARSET=UTF-8:Jos=C3=A9 St=C3=A3ndards12.03
TITLE;ENCODING=QUOTED-PRINTABLE;CHARSET=UTF-8:Pr=C3=AAsident=C3=A9
ORG;ENCODING=QUOTED-PRINTABLE;CHARSET=UTF-8:Mus=C3=A9e du St=C3=A2ndards;Service Multim=C3=A9dia
ADR;WORK;ENCODING=QUOTED-PRINTABLE;CHARSET=UTF-8:;;777 South R=C3=ABnault;Anyt=C3=B6wn;St=C3=A3te;99999;C=C3=B4untry
END:VCARD
"
glareimage030_jpg.rf.c43fab3c43fb97fff858192bca427783,,,,,,,,,,
5111238025_jpg.rf.c4ef951cebb5289eda6ba7319157d633,0,253.3641357421875,338.0716247558594,448.6358642578125,338.0716247558594,448.6358642578125,487.9283752441406,253.3641357421875,487.9283752441406,
4177077228_jpg.rf.c4ed154cb13f6e3a2004095befcb7377,,,,,,,,,,
5293518982_jpg.rf.c68fe7dc69172db6c62d8ad771836bc9,,,,,,,,,,
IMG_20220601_165047_jpg.rf.c3a1c80ba66add8b1c2d290cefa508da,,,,,,,,,,
3671809329_jpg.rf.c1212fcd673dca6d162d2ebfd981e005,0,190.68240356445312,127.07402038574219,453.3175964355469,127.07402038574219,453.3175964355469,496.9259948730469,190.68240356445312,496.9259948730469,
3360878084_jpg.rf.c770dcc198e1ae2aada8d96eda271838,0,207.88990783691406,303.8459777832031,406.110107421875,303.8459777832031,406.110107421875,552.154052734375,207.88990783691406,552.154052734375,
1150_U7bnE2oSC_jpg.rf.c750fd0cf4ce295606859b22efad18e9,0,197.7696990966797,274.9002990722656,432.23028564453125,274.9002990722656,432.23028564453125,475.0997009277344,197.7696990966797,475.0997009277344,
4000348762_jpg.rf.c5fa51af2cef231a49d9d9ba740e47fc,0,205.978271484375,173.16213989257812,457.021728515625,173.16213989257812,457.021728515625,489.8378601074219,205.978271484375,489.8378601074219,
2236526151_jpg.rf.c786b68a2da7e0cc4be00f5e7b97c499,0,265.9990234375,292.0996398925781,378.0009765625,292.0996398925781,378.0009765625,377.9003601074219,265.9990234375,377.9003601074219,www.tagmore.com/esmadrid
5297814123_jpg.rf.c7adfd2557181af77befce807f30ef49,0,114.06037902832031,329.2781677246094,313.93963623046875,329.2781677246094,313.93963623046875,590.7218017578125,114.06037902832031,590.7218017578125,http://baycitizen.org
0500310378_jpg.rf.c7ae03e7657b702ad27a86ee4c56c42b,0,110.0712661743164,339.7836608886719,201.92872619628906,339.7836608886719,201.92872619628906,452.2163391113281,110.0712661743164,452.2163391113281,
4525996985_jpg.rf.c7fd64967224ba593615ef888f8c01ea,0,124.15394592285156,252.3915252685547,327.8460693359375,252.3915252685547,327.8460693359375,457.60845947265625,124.15394592285156,457.60845947265625,
4917198756_jpg.rf.1adce2ffe491534c7bf9c22ec13c79ca,,,,,,,,,,
2811131160_jpg.rf.1db2230be17fa92d6ad447c54c5188b4,0,355.8450622558594,262.0799865722656,460.1549377441406,262.0799865722656,460.1549377441406,462.586669921875,355.8450622558594,462.586669921875,
2811131160_jpg.rf.1db2230be17fa92d6ad447c54c5188b4,1,464.5395812988281,258.3659973144531,546.46044921875,258.3659973144531,546.46044921875,432.6340026855469,464.5395812988281,432.6340026855469,
2811131160_jpg.rf.1db2230be17fa92d6ad447c54c5188b4,2,551.0989990234375,256.4408264160156,615.7009887695312,256.4408264160156,615.7009887695312,408.7591857910156,551.0989990234375,408.7591857910156,
2686136338_jpg.rf.19b97d6dd09602142191ef76d2eb0121,0,86.97909545898438,366.2226257324219,203.68756103515625,366.2226257324219,203.68756103515625,510.4440612792969,86.97909545898438,510.4440612792969,
nominalimage044_jpg.rf.19e680ee8807de2e395a9b02d8068f24,,,,,,,,,,
rotationsimage014_jpg.rf.1dc02869261d5071591c79d6a54604c2,0,241.0135498046875,389.8555603027344,386.3197937011719,389.8555603027344,386.3197937011719,516.1444702148438,241.0135498046875,516.1444702148438,
rotationsimage014_jpg.rf.1dc02869261d5071591c79d6a54604c2,1,113.72694396972656,287.07745361328125,280.2730712890625,287.07745361328125,280.2730712890625,427.92254638671875,113.72694396972656,427.92254638671875,Version 2 QR Code Test Image
rotationsimage014_jpg.rf.1dc02869261d5071591c79d6a54604c2,2,304.8957824707031,160.34210205078125,557.7709350585938,160.34210205078125,557.7709350585938,364.3245849609375,304.8957824707031,364.3245849609375,
3359226645_jpg.rf.1a47611434863db485dfb2c264fe8e40,,,,,,,,,,
brightnessimage018_jpg.rf.1ba32a41a1c1b5d7b30e1addf109c6eb,,,,,,,,,,
4604914148_jpg.rf.1c56697ed272c4aa9363e081c48feb06,0,439.98663330078125,84.1612777709961,556.8133544921875,84.1612777709961,556.8133544921875,206.2387237548828,439.98663330078125,206.2387237548828,http://qrc.me/ZNTV2
3504778879_jpg.rf.1df6930195463a68a89b4f1db55c086b,0,155.1117706298828,318.2142333984375,452.88824462890625,318.2142333984375,452.88824462890625,547.7857666015625,155.1117706298828,547.7857666015625,http://p8t.ch/25q6k
5143465580_jpg.rf.1b99500d577596021db19453e85b60de,,,,,,,,,,
IMG_20220530_143410_jpg.rf.1c43ae19521adaade7d8c146d090b743,,,,,,,,,,
blurredimage031_jpg.rf.1cc5d3c1312864e956fbef2c5f1ff71b,0,180.59483337402344,330.1903381347656,390.0718688964844,330.1903381347656,390.0718688964844,505.1429748535156,180.59483337402344,505.1429748535156,http://goo.gl/ErBxV
1031_U7VgcEASC_jpg.rf.1e117b4d25d6d015645af90c60fb27f1,0,204.475341796875,272.57061767578125,399.524658203125,272.57061767578125,399.524658203125,455.42938232421875,204.475341796875,455.42938232421875,
3032275434_jpg.rf.1ce83aeb3a5bf485a66b5e1e769da616,0,512.043212890625,163.85218811035156,633.956787109375,163.85218811035156,633.956787109375,360.1478271484375,512.043212890625,360.1478271484375,paperbits.net/w6f024k4cetx28bcd
perspectiveimage015_jpg.rf.1fa147199d8eda6f0dd604b1c19d5675,,,,,,,,,,
4733349068_jpg.rf.1bc9f8d1c4c279a7d0ff159c43a1b395,,,,,,,,,,
rotationsimage019_jpg.rf.1fde383632e3ad644e61cf48fe3207cd,0,157.01927185058594,135.55995178222656,423.9807434082031,135.55995178222656,423.9807434082031,349.4400329589844,157.01927185058594,349.4400329589844,
rotationsimage019_jpg.rf.1fde383632e3ad644e61cf48fe3207cd,1,316.18048095703125,354.2948913574219,487.81951904296875,354.2948913574219,487.81951904296875,502.7051086425781,316.18048095703125,502.7051086425781,Version 2 QR Code Test Image
rotationsimage019_jpg.rf.1fde383632e3ad644e61cf48fe3207cd,2,463.9743347167969,286.5237731933594,608.6923217773438,286.5237731933594,608.6923217773438,411.4762268066406,463.9743347167969,411.4762268066406,
3552874141_jpg.rf.1c69ad045ff8909d86845826c0fbe226,0,9.022785186767578,88.064697265625,280.9772033691406,88.064697265625,280.9772033691406,495.935302734375,9.022785186767578,495.935302734375,URL:http://www.panoman.de
5326668891_jpg.rf.202d697eec16052a1771977b25206f6e,,,,,,,,,,
4353851323_jpg.rf.205f079014ebb62fe126d157aa5f4d9d,,,,,,,,,,
curvedimage019_jpg.rf.1cf4009c7c86b93a478f3bff1c251f6c,0,128.97962951660156,4.706535339355469,471.0203857421875,4.706535339355469,471.0203857421875,333.29345703125,128.97962951660156,333.29345703125,
curvedimage019_jpg.rf.1cf4009c7c86b93a478f3bff1c251f6c,1,176.66619873046875,381.3097229003906,412.33380126953125,381.3097229003906,412.33380126953125,556.6902465820312,176.66619873046875,556.6902465820312,
IMG_20220602_172226_jpg.rf.205d5ade7051fbe5bb970401445a3039,,,,,,,,,,
2468137356_jpg.rf.1e21e000603e36f55470ccd00fec2556,,,,,,,,,,
2263737399_jpg.rf.1f190d334c20fbd005a121313ff52b28,,,,,,,,,,
4689610940_jpg.rf.216c26e32916c7406fcac4a2612aaaba,,,,,,,,,,
3489797454_jpg.rf.2177682410491d97c57638e58aec4cbc,,,,,,,,,,
4107132368_jpg.rf.2550c2cd97d7572252ea04069e128291,0,266.95965576171875,323.39166259765625,325.44036865234375,323.39166259765625,325.44036865234375,403.0083312988281,266.95965576171875,403.0083312988281,http://at.zkm.de/einladung/6
4107132368_jpg.rf.2550c2cd97d7572252ea04069e128291,1,307.6808166503906,411.08294677734375,370.71917724609375,411.08294677734375,370.71917724609375,502.51702880859375,307.6808166503906,502.51702880859375,http://at.zkm.de/einladung/1
4107132368_jpg.rf.2550c2cd97d7572252ea04069e128291,2,337.79815673828125,317.5370178222656,397.40185546875,317.5370178222656,397.40185546875,399.26300048828125,337.79815673828125,399.26300048828125,
4107132368_jpg.rf.2550c2cd97d7572252ea04069e128291,3,230.2668914794922,416.1466064453125,293.0664367675781,416.1466064453125,293.0664367675781,509.1867370605469,230.2668914794922,509.1867370605469,
4107132368_jpg.rf.2550c2cd97d7572252ea04069e128291,4,192.41213989257812,326.7052917480469,251.1878662109375,326.7052917480469,251.1878662109375,407.2947082519531,192.41213989257812,407.2947082519531,
5240565858_jpg.rf.25511dbb9442117472c608a0a5ecafc3,0,235.8517303466797,71.10220336914062,376.1482849121094,71.10220336914062,376.1482849121094,276.2311096191406,235.8517303466797,276.2311096191406,http://r.beetagg.com/?4786P1
5240565858_jpg.rf.25511dbb9442117472c608a0a5ecafc3,1,60.024173736572266,83.30552673339844,146.975830078125,83.30552673339844,146.975830078125,266.6944580078125,60.024173736572266,266.6944580078125,
5190089432_jpg.rf.244e2baad370c85b811e9d3afe96ea2a,0,42.220829010009766,297.7155456542969,137.77915954589844,297.7155456542969,137.77915954589844,416.9511413574219,42.220829010009766,416.9511413574219,http://bit.ly/cnR8x1
5190089432_jpg.rf.244e2baad370c85b811e9d3afe96ea2a,1,162.31317138671875,296.0021667480469,249.68682861328125,296.0021667480469,249.68682861328125,409.3311462402344,162.31317138671875,409.3311462402344,http://bit.ly/cObji7
5190089432_jpg.rf.244e2baad370c85b811e9d3afe96ea2a,2,271.4990539550781,294.6346130371094,349.8342590332031,294.6346130371094,349.8342590332031,402.0320129394531,271.4990539550781,402.0320129394531,http://bit.ly/93D0C9
5190089432_jpg.rf.244e2baad370c85b811e9d3afe96ea2a,3,368.78729248046875,291.78533935546875,441.21270751953125,291.78533935546875,441.21270751953125,395.21466064453125,368.78729248046875,395.21466064453125,http://bit.ly/cMcqB0
4413154199_jpg.rf.223fc60b1e26134dbe40bba46a597fea,0,66.29203033447266,301.0537414550781,375.7079772949219,301.0537414550781,375.7079772949219,474.9462585449219,66.29203033447266,474.9462585449219,
4782046245_jpg.rf.23192decb25d12627676bf4ee1b6d0e6,0,159.052978515625,111.08555603027344,460.947021484375,111.08555603027344,460.947021484375,502.9144287109375,159.052978515625,502.9144287109375,http://qr.westergasfabriek.nl/202
IMG_20220601_164130_jpg.rf.2629ee70cffc30da13a3e7d1d7d90c5b,0,248.73765563964844,192.2117919921875,378.2623596191406,192.2117919921875,378.2623596191406,284.7882080078125,248.73765563964844,284.7882080078125,
IMG_20220601_162318_jpg.rf.1f8cea063564d6478a4706d35a0a725b,,,,,,,,,,
5149193572_jpg.rf.2322535484f8c3d71274a571b31eefdb,0,356.4515380859375,307.6209716796875,472.8818054199219,307.6209716796875,472.8818054199219,425.0456848144531,356.4515380859375,425.0456848144531,http://media.payzen.eu/e5
5046386633_jpg.rf.24eda911091f7fe13ee629e9061505f2,,,,,,,,,,
closeimage023_jpg.rf.22d75bf9444887608051a0348409cec4,0,0.0,74.7505111694336,615.3836059570312,74.7505111694336,615.3836059570312,485.2494812011719,0.0,485.2494812011719,
2194489491_jpg.rf.24c7764f61afeca3cbd5641de95124c5,0,440.610595703125,234.10169982910156,623.389404296875,234.10169982910156,623.389404296875,515.8983154296875,440.610595703125,515.8983154296875,
5176853488_jpg.rf.2593e8dd1bb81bb55fa532f899aab83f,0,59.15795135498047,229.60874938964844,156.84205627441406,229.60874938964844,156.84205627441406,351.3912658691406,59.15795135498047,351.3912658691406,
IMG_20220601_162229_jpg.rf.2237fbd43fa9ac0066b73d495ff8df9d,,,,,,,,,,
5218077043_jpg.rf.236a99dedd548a22f9556b48a591a809,0,248.1967315673828,237.43968200683594,311.8032531738281,237.43968200683594,311.8032531738281,323.8936462402344,248.1967315673828,323.8936462402344,http://bit.ly/b8CO5m
2478130371_jpg.rf.2614249d5c41e306442ffe173fb6c352,0,146.9329071044922,121.32955169677734,311.7337646484375,121.32955169677734,311.7337646484375,343.3371276855469,146.9329071044922,343.3371276855469,
IMG_20220604_165006_jpg.rf.26a9a857147a91769a25c63f32dc9cd3,,,,,,,,,,
3103420592_jpg.rf.23136c4349deb17fc419011a8be7b2d2,0,307.1309509277344,215.7652130126953,397.8690490722656,215.7652130126953,397.8690490722656,330.2347717285156,307.1309509277344,330.2347717285156,"Aula de informÃ¡tica y nuevas tecnologÃ­as, planta baja"
IMG_20220529_144813_jpg.rf.2676a02b6ffba4f3c843e3fd766aa688,,,,,,,,,,
3413097256_jpg.rf.23d41630bf757a4e1e2bbdfaeb3ef691,0,150.89869689941406,160.46548461914062,274.43463134765625,160.46548461914062,274.43463134765625,414.8678283691406,150.89869689941406,414.8678283691406,
4584272232_jpg.rf.26abe4c3dd5ee73756897398e97d9647,,,,,,,,,,
5269546467_jpg.rf.260155a8bc51e6a02b15ec2b49933416,,,,,,,,,,
5223295536_jpg.rf.227008b9e473fc199b3a59db9eeb92cb,0,354.6126708984375,74.9889144897461,466.98736572265625,74.9889144897461,466.98736572265625,273.41107177734375,354.6126708984375,273.41107177734375,http://bit.ly/f5UIBE?r=qr
4969808611_jpg.rf.26ba67399f01ca6379339be51e9ee4c4,,,,,,,,,,
bright_spotsimage019_jpg.rf.26e1e4de96645c37fd3f9cd2acaf169b,,,,,,,,,,
perspectiveimage033_jpg.rf.26e3ffe0f71d7e7a156ae0ec4120e28e,,,,,,,,,,
IMG_20220601_163656_jpg.rf.2724734aa69ea92c776dcb0c865e5fe7,,,,,,,,,,
4000337376_jpg.rf.272b4f5cb2e9bdc228b07df2616d8e0c,,,,,,,,,,
4037066226_jpg.rf.28412c6f1f4c4087ee024c96488adebe,0,238.1415252685547,226.31588745117188,378.85845947265625,226.31588745117188,378.85845947265625,334.6841125488281,238.1415252685547,334.6841125488281,http://twitter.com/iDshirt
5318432696_jpg.rf.2846b6077c01c1f48576ed5b6193c55b,0,119.79489135742188,186.88589477539062,422.2051086425781,186.88589477539062,422.2051086425781,517.1141357421875,119.79489135742188,517.1141357421875,
noncompliantimage016_jpg.rf.277ffdcc358be5a85e3a774ee8b69f5b,0,100.66450500488281,118.93303680419922,567.3355102539062,118.93303680419922,567.3355102539062,527.0669555664062,100.66450500488281,527.0669555664062,
5095037223_jpg.rf.27d1d6562148833f8ba9c8cad84c72ca,,,,,,,,,,
nominalimage058_jpg.rf.295970e51a97825c5fa5ee05ea1bc1d5,0,60.60747528076172,35.80863952636719,579.3925170898438,35.80863952636719,579.3925170898438,472.19134521484375,60.60747528076172,472.19134521484375,
noncompliantimage006_jpg.rf.28decaaa1059b705cfbd28e5987a8b3a,,,,,,,,,,
5333060291_jpg.rf.28b48b3a04f608c337075b4328975343,0,374.6029357910156,290.4928894042969,423.3970642089844,290.4928894042969,423.3970642089844,347.9071044921875,374.6029357910156,347.9071044921875,
5333060291_jpg.rf.28b48b3a04f608c337075b4328975343,1,119.87870788574219,456.8548889160156,188.5212860107422,456.8548889160156,188.5212860107422,516.3450927734375,119.87870788574219,516.3450927734375,
3289447603_jpg.rf.2a0701e025c52fabe5e9688ef9cf3853,0,206.8867950439453,259.2187194824219,373.11322021484375,259.2187194824219,373.11322021484375,387.7812805175781,206.8867950439453,387.7812805175781,http://adsites.com.au/?E=280
3077072664_jpg.rf.2bbcc414cf49688517af1502adee26a2,0,436.6407775878906,485.31927490234375,545.7592163085938,485.31927490234375,545.7592163085938,558.2807006835938,436.6407775878906,558.2807006835938,
IMG_20220602_160039_jpg.rf.2876266a5f41a4b042584a065db42f28,0,176.3310546875,493.561767578125,313.6689453125,493.561767578125,313.6689453125,606.438232421875,176.3310546875,606.438232421875,
2211459923_jpg.rf.274a99b2540bfe0e0ccc0b94f40f2460,0,90.96009063720703,301.5362548828125,165.8399200439453,301.5362548828125,165.8399200439453,406.8637390136719,90.96009063720703,406.8637390136719,
5036470874_jpg.rf.2a34a7421dca9e98d78b52edc71ed73c,0,161.9456024169922,485.421142578125,246.0543975830078,485.421142578125,246.0543975830078,598.578857421875,161.9456024169922,598.578857421875,http://www.dcimage.com/?qr=danb
5036470874_jpg.rf.2a34a7421dca9e98d78b52edc71ed73c,1,401.96942138671875,200.51449584960938,490.0306091308594,200.51449584960938,490.0306091308594,314.68548583984375,401.96942138671875,314.68548583984375,tel:3307626959
IMG_20220602_172512_jpg.rf.29146d3a276b76b7bc08496df7506fe4,0,254.47509765625,342.428466796875,329.9248962402344,342.428466796875,329.9248962402344,410.37152099609375,254.47509765625,410.37152099609375,
nominalimage022_jpg.rf.27dd043ea8ebe2ee03d5e220fcc4493b,0,277.29925537109375,86.248046875,408.70074462890625,86.248046875,408.70074462890625,289.751953125,277.29925537109375,289.751953125,
high_versionimage006_jpg.rf.2827d0629b72b60f9080fe94c0eb93d8,0,32.53833770751953,12.046215057373047,552.461669921875,12.046215057373047,552.461669921875,573.9537963867188,32.53833770751953,573.9537963867188,
3761732016_jpg.rf.2b98f67bc61466dfd61944f7f17f450c,0,375.4075012207031,378.62957763671875,569.592529296875,378.62957763671875,569.592529296875,556.3704223632812,375.4075012207031,556.3704223632812,
2536547939_jpg.rf.2a70ba4e67c00243c1a219a08c39924c,0,186.03878784179688,425.0573425292969,277.9612121582031,425.0573425292969,277.9612121582031,546.9426879882812,186.03878784179688,546.9426879882812,http://vmf.tigtags.com/qr/879/eh2gahPmwpI
2674401684_jpg.rf.28e0759157affff3c0b3e06c1ef81c67,0,485.64898681640625,271.8653259277344,568.3510131835938,271.8653259277344,568.3510131835938,382.1346740722656,485.64898681640625,382.1346740722656,ANA080428DHGE38HQDZC235193718   1131653
3255507541_jpg.rf.2aa3128fb6d5bf5831a2f90399461921,0,19.274900436401367,1.7519022226333618,104.72509765625,1.7519022226333618,104.72509765625,67.58142852783203,19.274900436401367,67.58142852783203,http://bit.ly/QkdP
monitorimage003_jpg.rf.289d0fd834d3e8309798e1c31b21890d,0,14.690216064453125,19.738983154296875,631.309814453125,19.738983154296875,631.309814453125,618.260986328125,14.690216064453125,618.260986328125,This is a computer generated QR Code
brightnessimage027_jpg.rf.2ab2d23317fa74791a0d3711125e14c3,0,390.1012878417969,372.0734558105469,496.8987121582031,372.0734558105469,496.8987121582031,451.9265441894531,390.1012878417969,451.9265441894531,
brightnessimage027_jpg.rf.2ab2d23317fa74791a0d3711125e14c3,1,437.677734375,268.1593933105469,528.322265625,268.1593933105469,528.322265625,335.8406066894531,437.677734375,335.8406066894531,Version 1 QR
brightnessimage027_jpg.rf.2ab2d23317fa74791a0d3711125e14c3,2,135.89263916015625,260.77032470703125,315.10736083984375,260.77032470703125,315.10736083984375,395.22967529296875,135.89263916015625,395.22967529296875,
v3VCard-Title_png_jpg.rf.299bd5e55ee68739df3f176cb5308a3f,0,20.077545166015625,20.077545166015625,619.9224853515625,20.077545166015625,619.9224853515625,619.9224853515625,20.077545166015625,619.9224853515625,"BEGIN:VCARD
VERSION:3.0
N:Standard;Joe;;;
FN:Joe Standard12.04
TITLE:President
END:VCARD
"
3479618244_jpg.rf.2bd964151a05459f0fc34dfd0f54142d,0,213.72164916992188,161.41441345214844,461.2783508300781,161.41441345214844,461.2783508300781,355.5855712890625,213.72164916992188,355.5855712890625,URL:http://artm-friends.at/linz09/
4587544777_jpg.rf.2c467fb9f24303188de20f19e9979057,,,,,,,,,,
brightnessimage008_jpg.rf.28baf82de26c089b12f09e903c132641,0,390.7950744628906,368.4821472167969,498.2049255371094,368.4821472167969,498.2049255371094,446.5178527832031,390.7950744628906,446.5178527832031,
brightnessimage008_jpg.rf.28baf82de26c089b12f09e903c132641,1,438.4761047363281,261.6831970214844,530.1905517578125,261.6831970214844,530.1905517578125,330.9834899902344,438.4761047363281,330.9834899902344,Version 1 QR
brightnessimage008_jpg.rf.28baf82de26c089b12f09e903c132641,2,135.51693725585938,256.57366943359375,316.08306884765625,256.57366943359375,316.08306884765625,390.226318359375,135.51693725585938,390.226318359375,
2303509443_jpg.rf.2b6f2fb3c736e27275b71894b4d8fba3,0,74.6030502319336,162.14060974121094,358.5969543457031,162.14060974121094,358.5969543457031,611.0593872070312,74.6030502319336,611.0593872070312,
5020299665_jpg.rf.2bdbee5e424602bfa03ecde05141c289,0,419.6260070800781,391.8608703613281,566.3740234375,391.8608703613281,566.3740234375,592.13916015625,419.6260070800781,592.13916015625,http://www.treesforcities.org/page.php?id=88
IMG_20220601_163436_jpg.rf.2c69970b7ae94f2f4b7ef72a985cb119,,,,,,,,,,
5024182860_jpg.rf.2c52de9de4740106fa7a8652e1d7839d,0,135.46441650390625,372.71295166015625,362.53558349609375,372.71295166015625,362.53558349609375,545.2870483398438,135.46441650390625,545.2870483398438,http://youtu.be/GtXS0WyqN8s
IMG_20220602_155741_jpg.rf.2c5c58c4012d7d5569c1fd8041863754,0,47.42737579345703,263.79437255859375,143.3726348876953,263.79437255859375,143.3726348876953,330.20562744140625,47.42737579345703,330.20562744140625,https://vejasp.abril.com.br/consumo/pingentesbonitos/
noncompliantimage004_jpg.rf.2d474146c9da8e3495973fd8c2bb4260,0,0.0,223.5735626220703,350.7344055175781,223.5735626220703,350.7344055175781,626.4264526367188,0.0,626.4264526367188,
noncompliantimage004_jpg.rf.2d474146c9da8e3495973fd8c2bb4260,1,323.14117431640625,12.736473083496094,639.0,12.736473083496094,639.0,401.2635192871094,323.14117431640625,401.2635192871094,
4690553670_jpg.rf.2ec5c95e8f4d56b1ef8434d4642ab1f8,0,477.49237060546875,141.08799743652344,578.5076293945312,141.08799743652344,578.5076293945312,288.9119873046875,477.49237060546875,288.9119873046875,
4453793131_jpg.rf.2d1164f8829e73aa1228c6eccc0f2b55,,,,,,,,,,
nominalimage027_jpg.rf.2d342dbe5ba641366cea133e7cfb7862,0,159.9693603515625,350.5771179199219,295.0306396484375,350.5771179199219,295.0306396484375,451.4228820800781,159.9693603515625,451.4228820800781,0555506635839349055557
nominalimage027_jpg.rf.2d342dbe5ba641366cea133e7cfb7862,1,339.25360107421875,346.8431701660156,468.74639892578125,346.8431701660156,468.74639892578125,451.1568298339844,339.25360107421875,451.1568298339844,0555506635839349055557
IMG_20220602_172413_jpg.rf.3241c39cb2b9c35e35c15e734c763bd5,0,349.7221984863281,291.70135498046875,441.0777893066406,291.70135498046875,441.0777893066406,360.29864501953125,349.7221984863281,360.29864501953125,
rotationsimage012_jpg.rf.32022608f3b671f0128f2e2889b172bb,0,109.16535949707031,264.13128662109375,262.0346374511719,264.13128662109375,262.0346374511719,389.86871337890625,109.16535949707031,389.86871337890625,
rotationsimage012_jpg.rf.32022608f3b671f0128f2e2889b172bb,1,151.3814239501953,391.780517578125,291.951904296875,391.780517578125,291.951904296875,512.219482421875,151.3814239501953,512.219482421875,
rotationsimage012_jpg.rf.32022608f3b671f0128f2e2889b172bb,2,323.6310729980469,224.2923583984375,583.0355834960938,224.2923583984375,583.0355834960938,433.7076416015625,323.6310729980469,433.7076416015625,
rotationsimage022_jpg.rf.2fa62a80c03b2a581ad991f96123a3a5,0,410.5824279785156,342.61956787109375,575.017578125,342.61956787109375,575.017578125,464.5804138183594,410.5824279785156,464.5804138183594,
rotationsimage022_jpg.rf.2fa62a80c03b2a581ad991f96123a3a5,1,402.83782958984375,205.87399291992188,510.16217041015625,205.87399291992188,510.16217041015625,332.1260070800781,402.83782958984375,332.1260070800781,
rotationsimage022_jpg.rf.2fa62a80c03b2a581ad991f96123a3a5,2,54.52984619140625,265.4195556640625,312.2701721191406,265.4195556640625,312.2701721191406,426.98040771484375,54.52984619140625,426.98040771484375,
4689613868_jpg.rf.2eb0d1aae3d306d9dbb3c56f681a9f37,,,,,,,,,,
blurredimage023_jpg.rf.2df07ccda7e68000e4b9b1249eb5c37e,0,2.1492156982421875,113.73295593261719,629.8507690429688,113.73295593261719,629.8507690429688,618.2670288085938,2.1492156982421875,618.2670288085938,
rotationsimage015_jpg.rf.2df2cde3284c273d8699ad4c6aa32526,0,145.1276397705078,324.0569152832031,294.87237548828125,324.0569152832031,294.87237548828125,445.94305419921875,145.1276397705078,445.94305419921875,
rotationsimage015_jpg.rf.2df2cde3284c273d8699ad4c6aa32526,1,302.1104431152344,400.8245849609375,427.222900390625,400.8245849609375,427.222900390625,504.5087585449219,302.1104431152344,504.5087585449219,
rotationsimage015_jpg.rf.2df2cde3284c273d8699ad4c6aa32526,2,298.8380126953125,162.37152099609375,519.8286743164062,162.37152099609375,519.8286743164062,334.2951354980469,298.8380126953125,334.2951354980469,
5055316502_jpg.rf.30e7b7c9ecfc9e4b76852e0034244d2f,0,398.90155029296875,267.50823974609375,525.4984130859375,267.50823974609375,525.4984130859375,360.49176025390625,398.90155029296875,360.49176025390625,http://m.tscpl.org/qre8xevn/tehdq5vz.php
perspectiveimage005_jpg.rf.303c7a093f7e525e988db0ed82db7461,0,237.2722625732422,232.50306701660156,352.72772216796875,232.50306701660156,352.72772216796875,410.4969177246094,237.2722625732422,410.4969177246094,
5260442643_jpg.rf.2ea7731062e11282c045b3ae85f97143,0,97.42436218261719,377.412841796875,224.5756378173828,377.412841796875,224.5756378173828,529.587158203125,97.42436218261719,529.587158203125,http://mhms-media.blogspot.com/
0179583169_jpg.rf.2cf47407ad72a55fef25243d11b0540c,0,307.82977294921875,89.91766357421875,449.17022705078125,89.91766357421875,449.17022705078125,284.08233642578125,307.82977294921875,284.08233642578125,
3219209795_jpg.rf.30934e742dc23860773a85c03055736d,0,253.104248046875,117.17506408691406,418.4957580566406,117.17506408691406,418.4957580566406,375.62493896484375,253.104248046875,375.62493896484375,
IMG_20220601_162909_jpg.rf.2e00e3b0fd0847d563af5c44810b885c,,,,,,,,,,
IMG_20220601_164309_jpg.rf.2d871b49589693410bdc893751118714,,,,,,,,,,
4727282139_jpg.rf.2cdcd28b7946a3ea2c85b6fc2764a734,0,270.32940673828125,181.3666534423828,398.67059326171875,181.3666534423828,398.67059326171875,374.63336181640625,270.32940673828125,374.63336181640625,http://www.google.com/profiles/paul.wilkinson19
4727282139_jpg.rf.2cdcd28b7946a3ea2c85b6fc2764a734,1,432.2685546875,132.67491149902344,562.5314331054688,132.67491149902344,562.5314331054688,330.1250915527344,432.2685546875,330.1250915527344,
2699519970_jpg.rf.30e2596be79bdd67b9f86aa78accbb64,0,211.33372497558594,349.0194396972656,409.3329162597656,349.0194396972656,409.3329162597656,608.9805297851562,211.33372497558594,608.9805297851562,next (by emmacott.com)
rotationsimage041_jpg.rf.2fe54ad8c09918f90cc746c1ec9fb2d8,0,209.83554077148438,380.9988708496094,426.1644592285156,380.9988708496094,426.1644592285156,556.0010986328125,209.83554077148438,556.0010986328125,
rotationsimage041_jpg.rf.2fe54ad8c09918f90cc746c1ec9fb2d8,1,409.618896484375,331.347412109375,575.7144165039062,331.347412109375,575.7144165039062,463.3192443847656,409.618896484375,463.3192443847656,
rotationsimage041_jpg.rf.2fe54ad8c09918f90cc746c1ec9fb2d8,2,209.2847442626953,203.0769805908203,372.048583984375,203.0769805908203,372.048583984375,421.5896911621094,209.2847442626953,421.5896911621094,
4545_W4wgZw7eB_jpg.rf.31959be33a0bca4317e2235499265da2,0,245.66732788085938,213.0806121826172,442.3326721191406,213.0806121826172,442.3326721191406,392.119384765625,245.66732788085938,392.119384765625,
4567_W4wHVVfAB_jpg.rf.2e7b3bca1f5315d04163a09e0823fc26,0,183.93228149414062,164.22183227539062,427.667724609375,164.22183227539062,427.667724609375,388.57818603515625,183.93228149414062,388.57818603515625,
glareimage046_jpg.rf.35571871a32a4907d229815589e84052,0,84.7972412109375,100.55424499511719,525.2027587890625,100.55424499511719,525.2027587890625,545.4457397460938,84.7972412109375,545.4457397460938,
3691031620_jpg.rf.2d6e27ce72847895985d224a98939eff,0,93.29302215576172,327.94818115234375,336.70697021484375,327.94818115234375,336.70697021484375,531.0518188476562,93.29302215576172,531.0518188476562,
2645558160_jpg.rf.32bb9f76446bbf31176278beabb30a47,0,265.4065246582031,157.0106964111328,417.79345703125,157.0106964111328,417.79345703125,335.3893127441406,265.4065246582031,335.3893127441406,http://water-cp.com
IMG_20220530_164936_jpg.rf.36a86eb3a280afc64c84c7bec7a9038e,0,305.8382263183594,280.6938781738281,368.561767578125,280.6938781738281,368.561767578125,332.9061279296875,305.8382263183594,332.9061279296875,
closeimage033_jpg.rf.35e852dd59cc74992cfee14166b0205c,0,0.0,8.401657104492188,639.0,8.401657104492188,639.0,639.0,0.0,639.0,
nominalimage064_jpg.rf.3667615c6ecbc64c1a808eaa1c6447ab,0,76.31832122802734,90.92349243164062,515.6817016601562,90.92349243164062,515.6817016601562,557.0765380859375,76.31832122802734,557.0765380859375,
nominalimage049_jpg.rf.2f0e32aebc24412a271dbb4cca0d368a,0,210.28099060058594,136.30967712402344,482.718994140625,136.30967712402344,482.718994140625,432.6903076171875,210.28099060058594,432.6903076171875,
3716507953_jpg.rf.361ad123beefc5521a6fe2b04f78b08f,0,418.8979797363281,195.0574493408203,627.1019897460938,195.0574493408203,627.1019897460938,402.9425354003906,418.8979797363281,402.9425354003906,http://www.port.ac.uk/ct
4970528433_jpg.rf.35e0da80d4211be5aa37fc43c0502d48,0,356.3380126953125,426.5062255859375,438.3286437988281,426.5062255859375,438.3286437988281,535.4937744140625,356.3380126953125,535.4937744140625,
IMG_20220530_161506_jpg.rf.343a083c1e606756b71742dcc8173dac,,,,,,,,,,
brightnessimage013_jpg.rf.35eb086de44a5514707e317567ec8cd4,,,,,,,,,,
closeimage006_jpg.rf.2f79a672564a8a135273ed11db80caa1,0,23.428970336914062,88.55364227294922,596.571044921875,88.55364227294922,596.571044921875,569.4463500976562,23.428970336914062,569.4463500976562,
5262310913_jpg.rf.343fd39668b9a4f6d272f56f415449ad,,,,,,,,,,
5149194708_jpg.rf.35f090386e97376813419690f56a02e5,0,339.4049987792969,286.4067077636719,511.5950012207031,286.4067077636719,511.5950012207031,459.5932922363281,339.4049987792969,459.5932922363281,http://media.payzen.eu/d4
IMG_20220601_162623_jpg.rf.324d11380cd378669de33d8fbf51a894,,,,,,,,,,
blurredimage044_jpg.rf.377af0556b849cab1e77ea6fd9b88e6f,0,191.90882873535156,164.92416381835938,443.691162109375,164.92416381835938,443.691162109375,492.27581787109375,191.90882873535156,492.27581787109375,
v2MeCard-Phone_png_jpg.rf.376a06d937519c4db0402ae6460b4db0,0,34.248008728027344,34.248008728027344,606.1519775390625,34.248008728027344,606.1519775390625,606.1519775390625,34.248008728027344,606.1519775390625,"MECARD:N:Standard11.1,Joe;TEL:555-555-5555;TEL-AV:666-666-6666;;"
5249545740_jpg.rf.3783770ef400fe591d27b1bbeef34c47,,,,,,,,,,
2513889297_jpg.rf.371c980035d2853aeb6dd9f9fd8936f0,,,,,,,,,,
3413058024_jpg.rf.3c537f01801738af60b6fb3ba2440a85,,,,,,,,,,
2208592873_jpg.rf.38fe78b31dd89f1cf10d7831db66c7cb,0,35.38625717163086,96.43175506591797,403.6137390136719,96.43175506591797,403.6137390136719,563.5682373046875,35.38625717163086,563.5682373046875,
5249660874_jpg.rf.38753ff6d58d05a8438a87cc98c069cb,,,,,,,,,,
1503_U7H6MyHAC_jpg.rf.3a2cac9cc5c73975b5ab4a2ef351da41,0,203.5928497314453,170.21839904785156,410.40716552734375,170.21839904785156,410.40716552734375,350.7816162109375,203.5928497314453,350.7816162109375,
IMG_20220602_170330_jpg.rf.3ad267cf5495b3f73ce23c0bdffaa36a,0,311.38653564453125,498.400146484375,408.61346435546875,498.400146484375,408.61346435546875,560.7998657226562,311.38653564453125,560.7998657226562,
3071078533_jpg.rf.391c96a84f139c7eb0ea3ec937fa7b97,0,205.9879913330078,343.0489501953125,274.0119934082031,343.0489501953125,274.0119934082031,446.2843933105469,205.9879913330078,446.2843933105469,
IMG_20220602_171733_jpg.rf.3a607bc6a6a6ad6eed939786e8a75446,,,,,,,,,,
glareimage038_jpg.rf.3bbc592f40ebd6761ebbb2c51d3b9451,0,80.582763671875,104.2719497680664,565.417236328125,104.2719497680664,565.417236328125,533.72802734375,80.582763671875,533.72802734375,
closeimage020_jpg.rf.3b783b3bc2a394c8cf3dba74f0299eff,0,18.884353637695312,153.18621826171875,615.1156616210938,153.18621826171875,615.1156616210938,586.8137817382812,18.884353637695312,586.8137817382812,
2279746781_jpg.rf.387fa1583e606f1840f0438fa1cecfbd,0,307.10845947265625,445.2633972167969,476.224853515625,445.2633972167969,476.224853515625,588.7366333007812,307.10845947265625,588.7366333007812,
4274785854_jpg.rf.3c97c446a02dc763f694ce1c425299bc,0,240.78126525878906,103.72064208984375,436.21875,103.72064208984375,436.21875,277.27935791015625,240.78126525878906,277.27935791015625,
5281177603_jpg.rf.3bd3b327c1b8141ce405c09eba88923c,0,92.09127044677734,191.60906982421875,299.9087219238281,191.60906982421875,299.9087219238281,464.39093017578125,92.09127044677734,464.39093017578125,
5281177603_jpg.rf.3bd3b327c1b8141ce405c09eba88923c,1,281.6767578125,314.9814147949219,506.3232421875,314.9814147949219,506.3232421875,607.0186157226562,281.6767578125,607.0186157226562,http://www.thedaringlibrarian.com/
IMG_20220530_160519_jpg.rf.3a289f552a79a0432314ba865d994278,,,,,,,,,,
damagedimage031_jpg.rf.3becfa0527488791a2a79ff901c19fc5,,,,,,,,,,
nominalimage040_jpg.rf.3c76a2b5adf2fdce4558bc81978c3937,0,375.4572448730469,138.13357543945312,480.542724609375,138.13357543945312,480.542724609375,315.8664245605469,375.4572448730469,315.8664245605469,
nominalimage040_jpg.rf.3c76a2b5adf2fdce4558bc81978c3937,1,246.9620819091797,158.47906494140625,343.70458984375,158.47906494140625,343.70458984375,327.52093505859375,246.9620819091797,327.52093505859375,https://www.facebook.com/Lethmik/
2810772850_jpg.rf.3c5f0a56633d564f8c121a9f29ddbc6f,0,353.4554443359375,76.44688415527344,554.5445556640625,76.44688415527344,554.5445556640625,213.55311584472656,353.4554443359375,213.55311584472656,URL:http://www.mobiticket.ru
damagedimage034_jpg.rf.3cda1690b4eb9e4a271280d478dcfa93,0,22.98664093017578,12.283515930175781,631.0133666992188,12.283515930175781,631.0133666992188,617.7164916992188,22.98664093017578,617.7164916992188,http://www.ugreen.com/
nominalimage041_jpg.rf.3d773d1c6255961dc5cdde5cfd6cb0e7,0,202.6246795654297,354.2589111328125,358.37530517578125,354.2589111328125,358.37530517578125,473.7410888671875,202.6246795654297,473.7410888671875,HTTPS://NUTS.COM/QR/retail_piece/51707477?sku=7030-01
IMG_20220601_162828_jpg.rf.3c870e8f42100be193cfe6ae9721714f,,,,,,,,,,
IMG_20220601_164621_jpg.rf.3d4783cc842c76da1b1e94de5d17a3d0,0,22.17397689819336,483.34228515625,156.6260223388672,483.34228515625,156.6260223388672,572.65771484375,22.17397689819336,572.65771484375,
4370993698_jpg.rf.3977b63b0c4a814026f9c8cc6373ca85,0,410.8167724609375,304.63287353515625,609.1832275390625,304.63287353515625,609.1832275390625,451.36712646484375,410.8167724609375,451.36712646484375,http://ilnk.me/QR
damagedimage004_jpg.rf.3ac586d2a84dd6cac9789876d2d3fb89,0,297.50958251953125,12.393226623535156,455.49041748046875,12.393226623535156,455.49041748046875,200.60678100585938,297.50958251953125,200.60678100585938,
damagedimage004_jpg.rf.3ac586d2a84dd6cac9789876d2d3fb89,1,248.501220703125,198.4874725341797,409.498779296875,198.4874725341797,409.498779296875,399.5125427246094,248.501220703125,399.5125427246094,
damagedimage004_jpg.rf.3ac586d2a84dd6cac9789876d2d3fb89,2,202.3560791015625,399.9814453125,361.6439208984375,399.9814453125,361.6439208984375,602.0185546875,202.3560791015625,602.0185546875,
IMG_20220530_160537_jpg.rf.381bd97ea6b5cc142b9efe973b12273c,,,,,,,,,,
IMG_20220604_163545_jpg.rf.3fe8a82cf20d8987c363c12afbc811a5,0,253.0890350341797,233.6343536376953,337.57763671875,233.6343536376953,337.57763671875,301.698974609375,253.0890350341797,301.698974609375,
4936355363_jpg.rf.3dd262b049f82e9039783c2cce31284f,0,222.30718994140625,178.65257263183594,423.69281005859375,178.65257263183594,423.69281005859375,515.347412109375,222.30718994140625,515.347412109375,
pathologicalimage008_png_jpg.rf.3dca85ce9d98ef179db6fc129296ff5d,,,,,,,,,,
damagedimage025_jpg.rf.3e26580f68b75027f0c3aac2cb19010a,,,,,,,,,,
curvedimage041_jpg.rf.4124c59b7fa2e55a630ceab2faaa8fe9,0,258.064453125,354.06585693359375,430.935546875,354.06585693359375,430.935546875,485.93414306640625,258.064453125,485.93414306640625,
3055870218_jpg.rf.3e109d91e8f8ebc57599de4111650aa2,0,175.30535888671875,375.8238525390625,394.69464111328125,375.8238525390625,394.69464111328125,524.1761474609375,175.30535888671875,524.1761474609375,
3742672019_jpg.rf.3fc443831988fb07454996afc3795f17,0,171.91329956054688,58.64751052856445,431.0867004394531,58.64751052856445,431.0867004394531,391.35247802734375,171.91329956054688,391.35247802734375,
3887184821_jpg.rf.416d3338329a18f5e90b7ea10e4ced2e,,,,,,,,,,
monitorimage002_jpg.rf.3e20fa249b3364fc7ad8c104a7428004,0,22.65716552734375,134.19198608398438,635.3428344726562,134.19198608398438,635.3428344726562,635.8080444335938,22.65716552734375,635.8080444335938,4376471154038
high_versionimage011_jpg.rf.3f04d8511235debfd4b7dcbd80812260,0,50.643672943115234,36.807456970214844,572.3563232421875,36.807456970214844,572.3563232421875,585.1925659179688,50.643672943115234,585.1925659179688,
damagedimage023_jpg.rf.41320045d1fcac05ef590700c7157d8b,0,53.566619873046875,107.61566925048828,574.433349609375,107.61566925048828,574.433349609375,588.3843383789062,53.566619873046875,588.3843383789062,
perspectiveimage004_jpg.rf.4071ab3ac9dc50e30a7aa0e173c97696,0,235.5250701904297,237.1231231689453,358.4749450683594,237.1231231689453,358.4749450683594,415.87689208984375,235.5250701904297,415.87689208984375,
bright_spotsimage014_jpg.rf.402ba2a66b14d0dc564a692ce4ad454f,0,353.40509033203125,374.0658264160156,425.794921875,374.0658264160156,425.794921875,425.9341735839844,353.40509033203125,425.9341735839844,
2929094367_jpg.rf.4158e4832b50440b4828b6f545830b45,0,86.81336212158203,287.29437255859375,217.18663024902344,287.29437255859375,217.18663024902344,460.0389404296875,86.81336212158203,460.0389404296875,http://m.tigtags.com/qss
closeimage010_jpg.rf.41aeacb42f735b9733d49492dcb565bd,0,0.0,8.401657104492188,639.0,8.401657104492188,639.0,639.0,0.0,639.0,
curvedimage010_jpg.rf.3ff637bba074fb316e03254239a7da3c,0,210.8251953125,341.57757568359375,361.1748046875,341.57757568359375,361.1748046875,455.42242431640625,210.8251953125,455.42242431640625,http://www.sunmaid.com/book
4272614686_jpg.rf.4276438a24e069b0ebb2993fb2da8db8,0,217.06195068359375,174.79100036621094,387.93804931640625,174.79100036621094,387.93804931640625,404.208984375,217.06195068359375,404.208984375,
high_versionimage004_jpg.rf.420d3dde49edd5eeea2fafa20b20666f,0,28.66587257385254,20.567462921142578,627.3341064453125,20.567462921142578,627.3341064453125,596.4325561523438,28.66587257385254,596.4325561523438,
0143365285_jpg.rf.40db9a09d8f34e8f08cd2b0f0bde8aba,,,,,,,,,,
rotationsimage024_jpg.rf.42f2e7ae8e49777a2d795fa2b744985e,0,438.2854309082031,296.15399169921875,552.3812255859375,296.15399169921875,552.3812255859375,456.5126953125,438.2854309082031,456.5126953125,
rotationsimage024_jpg.rf.42f2e7ae8e49777a2d795fa2b744985e,1,42.16394805908203,277.3175048828125,373.8360595703125,277.3175048828125,373.8360595703125,504.282470703125,42.16394805908203,504.282470703125,
rotationsimage024_jpg.rf.42f2e7ae8e49777a2d795fa2b744985e,2,365.9559326171875,214.68817138671875,454.7107238769531,214.68817138671875,454.7107238769531,324.6451721191406,365.9559326171875,324.6451721191406,
2155267244_jpg.rf.41e657d50bdb741444a62ff05ff48d61,0,398.0816955566406,219.56475830078125,551.9183349609375,219.56475830078125,551.9183349609375,414.43524169921875,398.0816955566406,414.43524169921875,Game over!
closeimage011_jpg.rf.4349cc2988c3d7da16d0abc8d02e1c4f,0,0.0,45.941680908203125,639.0,45.941680908203125,639.0,572.058349609375,0.0,572.058349609375,
3594871243_jpg.rf.41083b07659734778430d9c54a80b3c8,,,,,,,,,,
pathologicalimage005_png_jpg.rf.43756b0fc092e27db9f5a002fa685c11,,,,,,,,,,
3118584329_jpg.rf.3fe0cb1a0a391b27a0205179390bc52f,0,38.81569290161133,367.251953125,117.1843032836914,367.251953125,117.1843032836914,494.748046875,38.81569290161133,494.748046875,
shadowsimage008_jpg.rf.3dffd1f4fa74637886542b2efd41670a,,,,,,,,,,
5280659561_jpg.rf.43743bb63645d8ad706e6b6c1c6fbe4c,0,111.27012634277344,132.54519653320312,270.7298583984375,132.54519653320312,270.7298583984375,379.4548034667969,111.27012634277344,379.4548034667969,MOMCA -:- Mobile Online Museum of Contemporary Art [momca.de]
closeimage014_jpg.rf.450b531522ce75d4d186e6b9ecf4cd7b,0,0.0,45.030677795410156,639.0,45.030677795410156,639.0,608.9692993164062,0.0,608.9692993164062,
0371333381_jpg.rf.4194bcd804c5ab5a55473f6db25e5f1d,,,,,,,,,,
blurredimage037_jpg.rf.446691c4725b34f848cfc60258ca89e3,,,,,,,,,,
IMG_20220604_165124_jpg.rf.427cbc792f209352e55b20cedccc04ee,0,122.63853454589844,215.092041015625,511.3614501953125,215.092041015625,511.3614501953125,538.907958984375,122.63853454589844,538.907958984375,
5107383380_jpg.rf.4536d94487d69bfb38e2b4490e5ce2c1,,,,,,,,,,
2386536549_jpg.rf.457cef49b5c210051050949fedb9ba65,,,,,,,,,,
4371698259_jpg.rf.45a3ca41ba2ae1887e05d1b0be11f4ff,0,237.81417846679688,225.33482360839844,434.1858215332031,225.33482360839844,434.1858215332031,470.6651611328125,237.81417846679688,470.6651611328125,
rotationsimage032_jpg.rf.467bfef342988614f4cd7a09854f4db8,0,253.34835815429688,296.93206787109375,593.0516357421875,296.93206787109375,593.0516357421875,548.2679443359375,253.34835815429688,548.2679443359375,
rotationsimage032_jpg.rf.467bfef342988614f4cd7a09854f4db8,1,235.5181884765625,189.49609375,389.4818115234375,189.49609375,389.4818115234375,300.50390625,235.5181884765625,300.50390625,
rotationsimage032_jpg.rf.467bfef342988614f4cd7a09854f4db8,2,83.31842803955078,233.8253173828125,235.88156127929688,233.8253173828125,235.88156127929688,350.5746765136719,83.31842803955078,350.5746765136719,
IMG_20220530_160529_jpg.rf.4619b3ac3b8d0bbcae7cefb4a424ef45,,,,,,,,,,
damagedimage018_jpg.rf.4604696243a7e0bb7456d7a7f754674c,0,130.31211853027344,243.0161590576172,410.3545837402344,243.0161590576172,410.3545837402344,502.9838562011719,130.31211853027344,502.9838562011719,PETERABELES041.PremierSubaruFremont.com
3848_W4MZiYCcB_jpg.rf.46c3ca7961b645408524b656017a9da4,0,136.92697143554688,126.82513427734375,511.0730285644531,126.82513427734375,511.0730285644531,476.17486572265625,136.92697143554688,476.17486572265625,
4609467032_jpg.rf.454de62403dfc37c9f89e4bdd3483f36,,,,,,,,,,
2685220165_jpg.rf.4942691e5eff5f644b9be9c82a4cce7a,,,,,,,,,,
2261943478_jpg.rf.47de8aba280bedad376be5fc907b2af7,0,216.1830291748047,480.27374267578125,303.0169677734375,480.27374267578125,303.0169677734375,531.3262939453125,216.1830291748047,531.3262939453125,http://pzh.jp/
nominalimage016_jpg.rf.472bff3faa2affbfc9641ade04f00395,0,191.11212158203125,91.049072265625,413.5545654296875,91.049072265625,413.5545654296875,282.950927734375,191.11212158203125,282.950927734375,
4564201533_jpg.rf.4803cc22cd6f42e4302315671dcc6507,,,,,,,,,,
5326668517_jpg.rf.45ebf970746c400bc0e36c2602134b23,0,193.232177734375,244.68841552734375,363.767822265625,244.68841552734375,363.767822265625,428.31158447265625,193.232177734375,428.31158447265625,
glareimage024_jpg.rf.47b062e5f24a1dbf954512d52c167d50,0,173.2613067626953,239.14297485351562,349.5386962890625,239.14297485351562,349.5386962890625,375.65704345703125,173.2613067626953,375.65704345703125,
3412272805_jpg.rf.48fa64962e5b929c41cd1ca44db372d5,0,180.0143585205078,275.1761474609375,258.78564453125,275.1761474609375,258.78564453125,391.62384033203125,180.0143585205078,391.62384033203125,http://farm4.static.flickr.com/3062/3365883960_627f73a20b.jpg
rotationsimage044_jpg.rf.47e0b391b0552c934abaa9948c164731,0,414.7260437011719,417.0452575683594,567.2739868164062,417.0452575683594,567.2739868164062,528.9547729492188,414.7260437011719,528.9547729492188,
rotationsimage044_jpg.rf.47e0b391b0552c934abaa9948c164731,1,81.73249816894531,302.0892639160156,299.4674987792969,302.0892639160156,299.4674987792969,445.1107482910156,81.73249816894531,445.1107482910156,
rotationsimage044_jpg.rf.47e0b391b0552c934abaa9948c164731,2,441.2796325683594,304.058837890625,557.5203857421875,304.058837890625,557.5203857421875,377.941162109375,441.2796325683594,377.941162109375,Version 1 QR
nominalimage053_jpg.rf.482aa0b4f559b3ca8030360bddda5c9d,,,,,,,,,,
5142860483_jpg.rf.46ec9a458513d93bc368c4d18d8064a3,,,,,,,,,,
2879827235_jpg.rf.497f9a0b9850326f024104538f7c51ef,0,241.1214599609375,290.1047058105469,326.8785400390625,290.1047058105469,326.8785400390625,398.2952880859375,241.1214599609375,398.2952880859375,
2879827235_jpg.rf.497f9a0b9850326f024104538f7c51ef,1,326.7255554199219,281.9521789550781,413.2744445800781,281.9521789550781,413.2744445800781,390.0478210449219,326.7255554199219,390.0478210449219,HTTP://TMORE.MOBI/ALBERTO
noncompliantimage010_jpg.rf.49f387db449088dbba70ea1536888485,0,0.0,224.13340759277344,350.9098815917969,224.13340759277344,350.9098815917969,626.5332641601562,0.0,626.5332641601562,
noncompliantimage010_jpg.rf.49f387db449088dbba70ea1536888485,1,324.726318359375,13.027732849121094,639.0,13.027732849121094,639.0,400.9722595214844,324.726318359375,400.9722595214844,
1510_U7hvtFFmC_jpg.rf.46b73abc3c9daaf2dd1622ef720987a2,0,74.91836547851562,36.65764617919922,573.0816650390625,36.65764617919922,573.0816650390625,513.3423461914062,74.91836547851562,513.3423461914062,http://www.lubes.id/197/U7hvtFFmC
4059157596_jpg.rf.48f7c60e136b98797fc841094adaabab,0,203.41087341308594,357.7727966308594,300.18914794921875,357.7727966308594,300.18914794921875,433.42718505859375,203.41087341308594,433.42718505859375,
4387464054_jpg.rf.477aae610ae25c1a974b1e551181a4c2,0,83.6693344116211,17.566795349121094,542.3306884765625,17.566795349121094,542.3306884765625,460.4331970214844,83.6693344116211,460.4331970214844,
4098888783_jpg.rf.47afe5a27d3874e7382be51e2b21e191,0,82.0147476196289,172.7457275390625,217.98524475097656,172.7457275390625,217.98524475097656,347.9209289550781,82.0147476196289,347.9209289550781,
pathologicalimage007_png_jpg.rf.4ab0fd98b90d9091a4b3a27bbce6f63c,,,,,,,,,,
0187811645_jpg.rf.48413e11cd981b576e1c235ceb88bb28,0,224.5589599609375,32.01285934448242,311.0410461425781,32.01285934448242,311.0410461425781,173.58712768554688,224.5589599609375,173.58712768554688,
0187811645_jpg.rf.48413e11cd981b576e1c235ceb88bb28,1,345.6171875,375.3070068359375,457.0494689941406,375.3070068359375,457.0494689941406,563.3596801757812,345.6171875,563.3596801757812,
0187811645_jpg.rf.48413e11cd981b576e1c235ceb88bb28,2,189.9425048828125,384.2189636230469,325.0574951171875,384.2189636230469,325.0574951171875,587.781005859375,189.9425048828125,587.781005859375,
0187811645_jpg.rf.48413e11cd981b576e1c235ceb88bb28,3,187.8900146484375,168.83270263671875,315.1099853515625,168.83270263671875,315.1099853515625,373.16729736328125,187.8900146484375,373.16729736328125,
0187811645_jpg.rf.48413e11cd981b576e1c235ceb88bb28,4,318.60284423828125,141.12460327148438,520.1971435546875,141.12460327148438,520.1971435546875,349.6754150390625,318.60284423828125,349.6754150390625,
noncompliantimage014_jpg.rf.4bf0313e0863086d403494b8ab749f07,0,78.31820678710938,85.16541290283203,317.6817932128906,85.16541290283203,317.6817932128906,421.8345947265625,78.31820678710938,421.8345947265625,http://q-r.to/baf6RY
noncompliantimage014_jpg.rf.4bf0313e0863086d403494b8ab749f07,1,379.7779541015625,153.7186279296875,602.2220458984375,153.7186279296875,602.2220458984375,484.2813720703125,379.7779541015625,484.2813720703125,
4482_W4vDbqmdB_jpg.rf.47de4933aead500fa49f7ae1cf97b53b,0,169.47579956054688,75.44532012939453,448.5242004394531,75.44532012939453,448.5242004394531,332.5546875,169.47579956054688,332.5546875,http://lubes.id/191/W4vDbqmdB
perspectiveimage014_jpg.rf.46e959ced1b4689907b22913d3d2a05d,,,,,,,,,,
4438413138_jpg.rf.497d2c3b796965ddde8f78f603c4b8cd,0,195.91799926757812,240.20632934570312,394.0820007324219,240.20632934570312,394.0820007324219,373.7936706542969,195.91799926757812,373.7936706542969,http://twitter.com/spiri
2829815176_jpg.rf.4b1572253c75b6fe3f99492b5f8cd335,0,130.2880859375,157.7511444091797,180.11190795898438,157.7511444091797,180.11190795898438,229.4488525390625,130.2880859375,229.4488525390625,7081702131 éè·¯çæ®º
5148592451_jpg.rf.4a19673e245961802bfb5919c1cb5782,,,,,,,,,,
4243671127_jpg.rf.49a34cfdd36fee0a70b757760edcc118,,,,,,,,,,
0097495610_jpg.rf.4c6747d1aad5c111ba243d838a82c8f7,,,,,,,,,,
4567642653_jpg.rf.4c056baa30710ca3261e6070769fd727,0,131.25042724609375,252.25411987304688,248.74957275390625,252.25411987304688,248.74957275390625,378.7458801269531,131.25042724609375,378.7458801269531,
IMG_20220602_172812_jpg.rf.4c1c48c9071b13dd1fa97354f55b9515,,,,,,,,,,
0436037216_jpg.rf.468b888649c7111ffdec80e77474a2d6,0,299.6200256347656,102.81951904296875,478.3799743652344,102.81951904296875,478.3799743652344,345.18048095703125,299.6200256347656,345.18048095703125,http://semapedia.org/v/Orchard_Street_%28Manhattan%29
4844786008_jpg.rf.4c5d2170a67b438fa2ccedb46f82a2e2,0,293.561767578125,258.242919921875,412.438232421875,258.242919921875,412.438232421875,379.757080078125,293.561767578125,379.757080078125,
3985603967_jpg.rf.4b723907e64784ef43f720b50e5187f6,0,287.5018615722656,256.63397216796875,565.6981201171875,256.63397216796875,565.6981201171875,420.5660095214844,287.5018615722656,420.5660095214844,
IMG_20220602_155815_jpg.rf.4b792b4be49c841bf59da4a030408737,0,72.32040405273438,354.6837158203125,208.67959594726562,354.6837158203125,208.67959594726562,482.3162841796875,72.32040405273438,482.3162841796875,
IMG_20220601_162816_jpg.rf.4b5e377d4927818c237958f1cdf2c5fe,,,,,,,,,,
4328183928_jpg.rf.4c0c5a45395b7d48e2dab9e9ad3f3171,0,264.8570556640625,286.6079406738281,380.1429443359375,286.6079406738281,380.1429443359375,370.3920593261719,264.8570556640625,370.3920593261719,http://350.org/streets
IMG_20220601_160927_jpg.rf.4d01958a78ccb4270e55b7ba582366e9,,,,,,,,,,
closeimage012_jpg.rf.4cb5293bb83316224f6adc870d29b366,0,0.0,50.29485321044922,639.0,50.29485321044922,639.0,523.7051391601562,0.0,523.7051391601562,
3440561175_jpg.rf.4951f8c2de607247350c8c05e6255e1a,0,0.0,0.0,368.2724304199219,0.0,368.2724304199219,483.1317138671875,0.0,483.1317138671875,www.tagmore.com/esmadridmagazine
4723176644_jpg.rf.4d994d0e3890ca86cb338604c6b57af5,0,108.70326232910156,185.28842163085938,288.896728515625,185.28842163085938,288.896728515625,421.5115661621094,108.70326232910156,421.5115661621094,"Lisa M. Rabey
lisa@biblyotheke.net
http://biblyotheke.net"
2457868748_jpg.rf.4d34de88531e6de45efa89148bfe5049,0,479.77093505859375,220.9822235107422,628.2290649414062,220.9822235107422,628.2290649414062,407.01776123046875,479.77093505859375,407.01776123046875,
blurredimage009_jpg.rf.4e299e1f130f58473ed8ab4a7c60ede1,,,,,,,,,,
high_versionimage024_jpg.rf.4ba653f6cf80460eb22f354590f387bf,0,47.53680419921875,12.56741714477539,592.4631958007812,12.56741714477539,592.4631958007812,590.4325561523438,47.53680419921875,590.4325561523438,
IMG_20220602_160029_jpg.rf.4da206eaac403873b1b2177ddbf434a2,,,,,,,,,,
IMG_20220601_164702_jpg.rf.4d165daf90a2da4189e4bca7537ba472,0,357.6214599609375,271.44073486328125,425.1785583496094,271.44073486328125,425.1785583496094,329.7592468261719,357.6214599609375,329.7592468261719,
4438484758_jpg.rf.4f22df6d685362a7790fab5b15dd97b3,0,136.36151123046875,214.83094787597656,459.63848876953125,214.83094787597656,459.63848876953125,535.1690673828125,136.36151123046875,535.1690673828125,
2455052649_jpg.rf.4d8194706e6b7173a7582f14df45196e,,,,,,,,,,
5054697343_jpg.rf.4c92ef652cedeadc1a9b6ea5cd021c60,0,495.9486389160156,286.1804504394531,551.6513671875,286.1804504394531,551.6513671875,356.61956787109375,495.9486389160156,356.61956787109375,http://m.tscpl.org/qre8xevn/hwmryzjs.php
bright_spotsimage002_jpg.rf.4e3c322e465f9e1e2b448a32111ffdb7,0,396.7051696777344,234.18002319335938,471.2948303222656,234.18002319335938,471.2948303222656,292.219970703125,396.7051696777344,292.219970703125,
curvedimage028_jpg.rf.4e02d5923a4442a0a02dc988843b8bec,0,311.4557800292969,332.37835693359375,412.5442199707031,332.37835693359375,412.5442199707031,407.62164306640625,311.4557800292969,407.62164306640625,
2207251864_jpg.rf.5205566704ed4b97d348ad3d7f8e4d36,0,211.52732849121094,366.4881591796875,436.47265625,366.4881591796875,436.47265625,527.5118408203125,211.52732849121094,527.5118408203125,
IMG_20220530_165039_jpg.rf.51c5a33c720d5f52a89b488e837e3831,0,375.923828125,171.7992706298828,490.7428283691406,171.7992706298828,490.7428283691406,294.2007141113281,375.923828125,294.2007141113281,
0294270060_jpg.rf.4e5a5d012f084f0ca1e6bd19191d20b9,0,517.6005859375,306.79974365234375,588.7994384765625,306.79974365234375,588.7994384765625,361.60028076171875,517.6005859375,361.60028076171875,
blurredimage040_jpg.rf.4f14fee09a0405b649b027dfc45ea965,0,372.88775634765625,301.02685546875,545.1122436523438,301.02685546875,545.1122436523438,437.97314453125,372.88775634765625,437.97314453125,
3989206756_jpg.rf.53980d34a9ad12447caa2c47b4a4c0a5,,,,,,,,,,
IMG_20220602_172015_jpg.rf.53a4fb1faa77fdbcc2dab077d836c44e,,,,,,,,,,
closeimage021_jpg.rf.4ef1dbbb62500bbee2c1c59b0881a637,0,27.54303741455078,215.9593048095703,562.4569702148438,215.9593048095703,562.4569702148438,598.0407104492188,27.54303741455078,598.0407104492188,
v2Twitter_png_jpg.rf.5070dcccabb41bcb52451431cb63a613,0,28.10662841796875,28.10662841796875,609.8933715820312,28.10662841796875,609.8933715820312,609.8933715820312,28.10662841796875,609.8933715820312,http://twitter.com/qrcode
IMG_20220601_164903_jpg.rf.53ce5aafed15a832cc17525df5d43941,,,,,,,,,,
3976044005_jpg.rf.52ff95353f5705e2e648f688a5f33ff0,0,537.9469604492188,45.218116760253906,588.4530029296875,45.218116760253906,588.4530029296875,123.5818862915039,537.9469604492188,123.5818862915039,
4038774631_jpg.rf.538b71893c1742a0421ef93901aaa8bc,0,123.9616470336914,225.69496154785156,423.3716735839844,225.69496154785156,423.3716735839844,448.3050537109375,123.9616470336914,448.3050537109375,
2237232238_jpg.rf.53dec16b1c5ae82bf348720422f0cc0d,0,141.95652770996094,207.017333984375,347.0434875488281,207.017333984375,347.0434875488281,366.982666015625,141.95652770996094,366.982666015625,www.tagmore.com/esmadrid
brightnessimage004_jpg.rf.52a19bc2f8f7ce4cb3bf31733b32f587,0,398.8033142089844,379.0734558105469,506.1966857910156,379.0734558105469,506.1966857910156,458.9265441894531,398.8033142089844,458.9265441894531,Version 2 QR Code Test Image
brightnessimage004_jpg.rf.52a19bc2f8f7ce4cb3bf31733b32f587,1,447.757568359375,273.6157531738281,538.242431640625,273.6157531738281,538.242431640625,342.3842468261719,447.757568359375,342.3842468261719,Version 1 QR
brightnessimage004_jpg.rf.52a19bc2f8f7ce4cb3bf31733b32f587,2,148.3725128173828,267.4483947753906,324.62750244140625,267.4483947753906,324.62750244140625,397.5516052246094,148.3725128173828,397.5516052246094,
curvedimage037_jpg.rf.50b024381f079315109d78b9d51c728c,,,,,,,,,,
glareimage037_jpg.rf.4e846745ffe1b74a87a1712fc4b4a2e4,0,206.8576202392578,208.8999786376953,471.1423645019531,208.8999786376953,471.1423645019531,475.7666931152344,206.8576202392578,475.7666931152344,
nominalimage042_jpg.rf.53ec1ee20c72b42b648401658ab142c8,0,11.427696228027344,32.179725646972656,556.5723266601562,32.179725646972656,556.5723266601562,545.8202514648438,11.427696228027344,545.8202514648438,HTTPS://NUTS.COM/QR/retail_piece/45076039?sku=7016-01
curvedimage044_jpg.rf.cafa89b671945c1ef0613fd49b975097,0,59.909393310546875,67.86454772949219,554.090576171875,67.86454772949219,554.090576171875,566.1354370117188,59.909393310546875,566.1354370117188,43445177
IMG_20220602_160409_jpg.rf.cb17dfd588ce1c7f101b980adfa50863,,,,,,,,,,
2955439364_jpg.rf.c9b9b8dffdea3ce05bd980ad1eded3f9,,,,,,,,,,
2423615959_jpg.rf.c86481bd08aab91284c5527d080f9a9f,0,161.71160888671875,117.6977310180664,332.28839111328125,117.6977310180664,332.28839111328125,304.3022766113281,161.71160888671875,304.3022766113281,
2686037064_jpg.rf.c80dffd3e43e7ca0f795b5a06bfc7161,0,36.7036247253418,383.0869445800781,214.29637145996094,383.0869445800781,214.29637145996094,506.9130554199219,36.7036247253418,506.9130554199219,http://24-7f.com/1/
v2VCard-Encoding_png_jpg.rf.ca96d13e28796f4b31034640a7f6ae1b,0,12.852344512939453,12.852344512939453,625.1476440429688,12.852344512939453,625.1476440429688,625.1476440429688,12.852344512939453,625.1476440429688,"BEGIN:VCARD
VERSION:2.1
N;ENCODING=QUOTED-PRINTABLE;CHARSET=macintosh:St=8Bndards;Jos=8E
FN;ENCODING=QUOTED-PRINTABLE;CHARSET=macintosh:Jos=8E St=8Bndards12.03
TITLE;ENCODING=QUOTED-PRINTABLE;CHARSET=macintosh:Pr=90sident=8E
ORG;ENCODING=QUOTED-PRINTABLE;CHARSET=macintosh:Mus=8Ee du St=89ndards;Service Multim=8Edia
ADR;WORK;ENCODING=QUOTED-PRINTABLE;CHARSET=macintosh:;;777 South R=91nault;Anyt=9Awn;St=8Bte;99999;C=99untry
END:VCARD
"
2677414896_jpg.rf.ce6fd8fa7344ded4ce96f394a58e0766,0,412.4969787597656,334.418212890625,486.8363342285156,334.418212890625,486.8363342285156,434.2484436035156,412.4969787597656,434.2484436035156,
5326664789_jpg.rf.cda3b62388bd437dae00d1292811ac72,,,,,,,,,,
4694564038_jpg.rf.c8bb9bf41a96e4e79b6d14235e6cb54e,0,266.1559143066406,257.8485412597656,366.8440856933594,257.8485412597656,366.8440856933594,392.1514587402344,266.1559143066406,392.1514587402344,http://www.barcodeart.com
4694564038_jpg.rf.c8bb9bf41a96e4e79b6d14235e6cb54e,1,260.0445251464844,412.6316223144531,376.6221618652344,412.6316223144531,376.6221618652344,550.7017211914062,260.0445251464844,550.7017211914062,http://www.barcodeart.com
4694564038_jpg.rf.c8bb9bf41a96e4e79b6d14235e6cb54e,2,103.85357666015625,484.99066162109375,156.14642333984375,484.99066162109375,156.14642333984375,551.809326171875,103.85357666015625,551.809326171875,FUCK YOU
4694564038_jpg.rf.c8bb9bf41a96e4e79b6d14235e6cb54e,3,172.2382354736328,78.339599609375,275.7617492675781,78.339599609375,275.7617492675781,202.3270721435547,172.2382354736328,202.3270721435547,
4694564038_jpg.rf.c8bb9bf41a96e4e79b6d14235e6cb54e,4,290.0206298828125,117.5755386352539,335.9793701171875,117.5755386352539,335.9793701171875,175.09112548828125,290.0206298828125,175.09112548828125,STICKER
4694564038_jpg.rf.c8bb9bf41a96e4e79b6d14235e6cb54e,5,92.3135986328125,320.28338623046875,138.4864044189453,320.28338623046875,138.4864044189453,384.5166015625,92.3135986328125,384.5166015625,TEL:+12024561414
4694564038_jpg.rf.c8bb9bf41a96e4e79b6d14235e6cb54e,6,499.51422119140625,474.2083435058594,557.685791015625,474.2083435058594,557.685791015625,552.191650390625,499.51422119140625,552.191650390625,http://www.barcodeart.com
4946341553_jpg.rf.cedae3707ca1d5d4aabdb8d93549a02c,0,170.4246826171875,332.35833740234375,275.5753173828125,332.35833740234375,275.5753173828125,535.6416625976562,170.4246826171875,535.6416625976562,http://organicallyspeaking.org/pccqr/?id=56
3891458793_jpg.rf.ccc6d07227c4ba77c4054eaeb367582b,0,197.79246520996094,310.3937683105469,264.6075134277344,310.3937683105469,264.6075134277344,362.4062194824219,197.79246520996094,362.4062194824219,
5054694623_jpg.rf.cbedb6539dc1a624fcc9a58963cb5867,0,379.4341125488281,281.6193542480469,482.5658874511719,281.6193542480469,482.5658874511719,355.7139892578125,379.4341125488281,355.7139892578125,http://m.tscpl.org/qre8xevn/
2924534538_jpg.rf.c85c84367b8ad633a48567b1b39db1c1,0,267.5140380859375,264.693115234375,390.4859619140625,264.693115234375,390.4859619140625,445.306884765625,267.5140380859375,445.306884765625,http://d.kaywa.com/1100090003
blurredimage013_jpg.rf.c9e60af920cea91ac9f005f92cb1dce4,0,90.19879913330078,46.20085144042969,567.8012084960938,46.20085144042969,567.8012084960938,583.7991333007812,90.19879913330078,583.7991333007812,http://g.augme.com/1803
2465664627_jpg.rf.cd51d3aee0264364fc47efb1fb08f328,,,,,,,,,,
nominalimage035_jpg.rf.cdf340fd2cc67856c87bdb25beb10cbe,0,204.93382263183594,275.7379455566406,406.3995361328125,275.7379455566406,406.3995361328125,420.9287109375,204.93382263183594,420.9287109375,
curvedimage004_png_jpg.rf.cbbf1c43a8eb858142aef86b1b7f306e,0,83.2461929321289,254.72837829589844,302.7538146972656,254.72837829589844,302.7538146972656,619.2716064453125,83.2461929321289,619.2716064453125,
3629983458_jpg.rf.cc9cc44f5fa26808cfebddda0ba52b18,,,,,,,,,,
4777185721_jpg.rf.cc671dec10b2d072ac9fef09ee1e5fb3,0,370.63739013671875,180.24136352539062,597.3626098632812,180.24136352539062,597.3626098632812,531.7586059570312,370.63739013671875,531.7586059570312,http://mobile.schirn.de/zelluloid/
3650327413_jpg.rf.cccba59644064f243ec37abba3e942f0,,,,,,,,,,
5031824448_jpg.rf.cb127cfed6ac6bf454b2a0ecc1af9b67,0,202.0124053955078,82.7422103881836,340.98760986328125,82.7422103881836,340.98760986328125,189.25778198242188,202.0124053955078,189.25778198242188,http://goo.gl/wFXP
monitorimage007_jpg.rf.cebd83830d86bcf907d79fb61e8994ce,0,0.0,0.0,639.0,0.0,639.0,639.0,0.0,639.0,This is a computer generated QR Code
4066434320_jpg.rf.cd69162880295c97abef17571c702d67,,,,,,,,,,
2879826697_jpg.rf.cfa76ced2f87938bca41437412b1e654,,,,,,,,,,
2198403406_jpg.rf.cd6a463f910764ef36f93809685379e7,0,350.8450012207031,305.1864929199219,435.9549865722656,305.1864929199219,435.9549865722656,422.4134826660156,350.8450012207031,422.4134826660156,
4744_W4zt9ErgB_jpg.rf.d03286da7b859ed95d8ac119883ce117,0,122.50717163085938,152.1697235107422,512.4927978515625,152.1697235107422,512.4927978515625,505.83026123046875,122.50717163085938,505.83026123046875,
shadowsimage009_jpg.rf.d059bb8a22c0dbb2f3ca8c892ecd3d45,0,332.5337829589844,230.88206481933594,458.7995300292969,230.88206481933594,458.7995300292969,321.1179504394531,332.5337829589844,321.1179504394531,
damagedimage008_jpg.rf.d0db447cd1fc444745ff3c6ecbe1b6e6,0,129.28353881835938,183.35421752929688,416.7164611816406,183.35421752929688,416.7164611816406,444.6457824707031,129.28353881835938,444.6457824707031,
IMG_20220530_160546_jpg.rf.d1182a7ca4d5f7ce3fa4fb639d984aca,,,,,,,,,,
5257972486_jpg.rf.d226f42a1726008bf86ed64871b16dd9,,,,,,,,,,
1577_U7PEuBaeC_jpg.rf.d0726804ee6ae36f219ec7c1244cc1f3,0,202.91558837890625,296.5816955566406,405.08441162109375,296.5816955566406,405.08441162109375,479.4183044433594,202.91558837890625,479.4183044433594,http://www.lubes.id/197/U7PEuBaeC
3665573933_jpg.rf.d3a73e0a1b3b2ee499decd3575f49007,,,,,,,,,,
perspectiveimage025_jpg.rf.d26f4600e5c72ab676e5ec97a11e9b90,0,195.533935546875,175.38546752929688,404.466064453125,175.38546752929688,404.466064453125,360.6145324707031,195.533935546875,360.6145324707031,
2771122879_jpg.rf.d1a8745965a6b06ae38c1fe700eb49be,0,375.9060363769531,76.6839828491211,510.0939636230469,76.6839828491211,510.0939636230469,260.3160095214844,375.9060363769531,260.3160095214844,http://semapedia.org/v/Zhang_Huan
5087637786_jpg.rf.d21b721a58b718ab6d1040b000bce095,,,,,,,,,,
4812586778_jpg.rf.d46de0baaa63241acb01e369a080bc29,,,,,,,,,,
closeimage016_jpg.rf.d46c3834dbde1def2c3a4879fc8adbde,0,0.0,37.85197448730469,639.0,37.85197448730469,639.0,639.0,0.0,639.0,
IMG_20220601_164035_jpg.rf.d226428d1376d104f370dec7ae849971,,,,,,,,,,
IMG_20220530_165150_jpg.rf.d1ce88624390a4ce863cb6f5f7cfc6d5,,,,,,,,,,
curvedimage025_jpg.rf.d3d6162c5b4cddf527573e87f53fcc2b,0,224.47686767578125,302.0481872558594,396.8564453125,302.0481872558594,396.8564453125,433.2851257324219,224.47686767578125,433.2851257324219,"æ­£å®éè§é³è¶å¶ ä¹åä¹è¶ 
http://detail.tmall.com/item.htm?id=13996190738"
glareimage016_jpg.rf.d40e41aa96fb150a9b8a39c85c1dd842,0,209.4894256591797,175.23760986328125,408.5105895996094,175.23760986328125,408.5105895996094,428.76239013671875,209.4894256591797,428.76239013671875,
1667851386_jpg.rf.d1cf498bb0d62ddb123f86b0b70404af,0,308.3053894042969,178.0074005126953,359.29461669921875,178.0074005126953,359.29461669921875,235.9925994873047,308.3053894042969,235.9925994873047,
curvedimage003_png_jpg.rf.d2b86f1632bd7dc815bc5f23a5cbcbe7,0,221.84213256835938,154.626953125,386.1578674316406,154.626953125,386.1578674316406,435.373046875,221.84213256835938,435.373046875,
5276808199_jpg.rf.d303c1582655308a26cd0f19b1e07092,,,,,,,,,,
blurredimage045_jpg.rf.d2a45117b60d6d7e95c766d3a56da21c,,,,,,,,,,
1840578464_jpg.rf.d42d0789ad27a57d378897dadc53c54f,0,81.31971740722656,99.13777160644531,446.6802978515625,99.13777160644531,446.6802978515625,569.8622436523438,81.31971740722656,569.8622436523438,
rotationsimage030_jpg.rf.d299c7b51347a26ebf76ee5a0c0e18e1,0,200.34707641601562,341.72137451171875,453.6529235839844,341.72137451171875,453.6529235839844,542.2786254882812,200.34707641601562,542.2786254882812,
rotationsimage030_jpg.rf.d299c7b51347a26ebf76ee5a0c0e18e1,1,203.1785125732422,220.12527465820312,306.4214782714844,220.12527465820312,306.4214782714844,277.0747375488281,203.1785125732422,277.0747375488281,
rotationsimage030_jpg.rf.d299c7b51347a26ebf76ee5a0c0e18e1,2,358.3000793457031,225.82418823242188,484.6999206542969,225.82418823242188,484.6999206542969,296.1758117675781,358.3000793457031,296.1758117675781,
2686042700_jpg.rf.d47959d038cbd51a83035d2d0b4cd147,0,256.0443115234375,243.8335723876953,581.9556884765625,243.8335723876953,581.9556884765625,476.16644287109375,256.0443115234375,476.16644287109375,http://thesun.mobi
2686042700_jpg.rf.d47959d038cbd51a83035d2d0b4cd147,1,499.81951904296875,477.7383728027344,584.98046875,477.7383728027344,584.98046875,537.4616088867188,499.81951904296875,537.4616088867188,http://www.sunmobile.co.uk/serv/Page3Recover/CkDuOEM?com=see1baap3genW11210122
4566396474_jpg.rf.d26194c5f203b13e0a98d92501a7c221,0,189.41184997558594,330.8125915527344,280.588134765625,330.8125915527344,280.588134765625,480.1874084472656,189.41184997558594,480.1874084472656,
rotationsimage002_jpg.rf.d4576ce6fa8fac47709d85d3d889b084,0,421.6441345214844,353.1517333984375,575.5558471679688,353.1517333984375,575.5558471679688,479.24822998046875,421.6441345214844,479.24822998046875,
rotationsimage002_jpg.rf.d4576ce6fa8fac47709d85d3d889b084,1,411.4219055175781,227.46636962890625,545.9114379882812,227.46636962890625,545.9114379882812,337.8669738769531,411.4219055175781,337.8669738769531,
rotationsimage002_jpg.rf.d4576ce6fa8fac47709d85d3d889b084,2,83.9252700805664,280.4606018066406,346.07470703125,280.4606018066406,346.07470703125,487.5393981933594,83.9252700805664,487.5393981933594,
IMG_20220601_164924_jpg.rf.d5670be060c65a2847d2abf5007b2976,,,,,,,,,,
4000463255_jpg.rf.d4fc3244a09b0e7e32aa45b2858fd8bb,0,461.0437316894531,141.13995361328125,607.956298828125,141.13995361328125,607.956298828125,329.86004638671875,461.0437316894531,329.86004638671875,
glareimage035_jpg.rf.d59a2da364f7ba9131252d8f55328234,0,273.17169189453125,292.50201416015625,388.82830810546875,292.50201416015625,388.82830810546875,376.49798583984375,273.17169189453125,376.49798583984375,
IMG_20220601_163703_jpg.rf.d75931670c3c14473ba19191a2133145,,,,,,,,,,
4022161260_jpg.rf.d665bc651eababd623b8f8b32271d8bc,,,,,,,,,,
1288_U7r2eY2CC_jpg.rf.d7a9d8172a176d478feaab07c8b34868,0,225.65689086914062,301.7862243652344,400.3431091308594,301.7862243652344,400.3431091308594,464.2137756347656,225.65689086914062,464.2137756347656,
IMG_20220602_160537_jpg.rf.d61a16045a08fb06c6723cd466cfc7cb,0,370.4574279785156,361.03082275390625,547.5426025390625,361.03082275390625,547.5426025390625,502.96917724609375,370.4574279785156,502.96917724609375,
noncompliantimage005_jpg.rf.d6851793989b2d960ee71d3525236d6a,0,87.21987915039062,83.64913940429688,566.7801513671875,83.64913940429688,566.7801513671875,496.3508605957031,87.21987915039062,496.3508605957031,
3222974714_jpg.rf.d6db01e687b51309b181cee176eb1864,0,34.29920959472656,434.16375732421875,185.70079040527344,434.16375732421875,185.70079040527344,617.8362426757812,34.29920959472656,617.8362426757812,
4667029304_jpg.rf.d7df435aaa614b92c131217c3f45cdb8,0,435.5514221191406,244.68971252441406,533.7819213867188,244.68971252441406,533.7819213867188,363.310302734375,435.5514221191406,363.310302734375,
IMG_20220601_164558_jpg.rf.d7310017eeaff6f44e938bcb83c4ae0b,0,320.39642333984375,423.3162536621094,396.8035888671875,423.3162536621094,396.8035888671875,462.6837463378906,320.39642333984375,462.6837463378906,
curvedimage050_jpg.rf.d9c03113d895cf14fc26b59460aa3d2a,0,202.56155395507812,103.81878662109375,532.2384643554688,103.81878662109375,532.2384643554688,538.981201171875,202.56155395507812,538.981201171875,
shadowsimage013_jpg.rf.d9c1cb8f431895937363acb6f96c0fa8,0,253.0920867919922,209.58837890625,639.0,209.58837890625,639.0,639.0,253.0920867919922,639.0,
2423569169_jpg.rf.d888f9eaff7ce4ccdda428f5d2b280be,0,51.106224060058594,347.95147705078125,213.89376831054688,347.95147705078125,213.89376831054688,458.04852294921875,51.106224060058594,458.04852294921875,
4344429928_jpg.rf.d87a50eda1b9a9503cba17af95289311,0,192.67620849609375,95.35548400878906,425.32379150390625,95.35548400878906,425.32379150390625,406.64453125,192.67620849609375,406.64453125,
v2MeCard-Notes_png_jpg.rf.d7928989fc01d7f4dcc60f2a2fb4d9a1,0,34.248008728027344,34.248008728027344,606.1519775390625,34.248008728027344,606.1519775390625,606.1519775390625,34.248008728027344,606.1519775390625,"MECARD:N:Standard11.5,Joe;NOTE:This is a Test;;"
curvedimage014_jpg.rf.d783cc5c61ff2663e1584152a6505ade,0,214.44735717773438,200.16851806640625,461.5526428222656,200.16851806640625,461.5526428222656,389.83148193359375,214.44735717773438,389.83148193359375,
brightnessimage024_jpg.rf.d7cbfaa444ad7320b505479a022c03aa,0,398.8033142089844,379.0734558105469,506.1966857910156,379.0734558105469,506.1966857910156,458.9265441894531,398.8033142089844,458.9265441894531,Version 2 QR Code Test Image
brightnessimage024_jpg.rf.d7cbfaa444ad7320b505479a022c03aa,1,448.9548034667969,274.9762878417969,539.7118530273438,274.9762878417969,539.7118530273438,342.3570556640625,448.9548034667969,342.3570556640625,Version 1 QR
brightnessimage024_jpg.rf.d7cbfaa444ad7320b505479a022c03aa,2,148.3725128173828,267.4483947753906,324.62750244140625,267.4483947753906,324.62750244140625,397.5516052246094,148.3725128173828,397.5516052246094,
4821931054_jpg.rf.d89a5ec8595aad9ee4ae22a05f6075bd,0,449.7932434082031,439.15911865234375,551.206787109375,439.15911865234375,551.206787109375,514.8408813476562,449.7932434082031,514.8408813476562,
3361212433_jpg.rf.d87efc2bb77ce8c66703df9301a07984,0,399.17578125,270.06292724609375,445.2242126464844,270.06292724609375,445.2242126464844,333.1370849609375,399.17578125,333.1370849609375,
nominalimage003_jpg.rf.d6ff234bda4dcbcbd285e7051e57614d,0,68.23907470703125,100.11285400390625,292.5609436035156,100.11285400390625,292.5609436035156,398.28717041015625,68.23907470703125,398.28717041015625,
glareimage044_jpg.rf.d5bc74a77988513b965359ff34171d23,0,46.9527587890625,39.712615966796875,605.0472412109375,39.712615966796875,605.0472412109375,590.287353515625,46.9527587890625,590.287353515625,
bright_spotsimage009_jpg.rf.da2773ef766293942307c12d7e80c99d,0,326.0137634277344,206.96200561523438,402.7862243652344,206.96200561523438,402.7862243652344,265.0379943847656,326.0137634277344,265.0379943847656,
bright_spotsimage009_jpg.rf.da2773ef766293942307c12d7e80c99d,1,362.9134521484375,128.2271728515625,429.48651123046875,128.2271728515625,429.48651123046875,181.37283325195312,362.9134521484375,181.37283325195312,Version 1 QR
3302367894_jpg.rf.d5b2157a5e1168e16905631a696aeb84,0,248.6833038330078,344.4864501953125,365.31671142578125,344.4864501953125,365.31671142578125,525.5135498046875,248.6833038330078,525.5135498046875,http://tinyurl.com/nylego
3131760948_jpg.rf.d95cc3c0b66644e984a6d0a7fd045d27,0,401.2929992675781,331.8286437988281,480.7070007324219,331.8286437988281,480.7070007324219,440.1713562011719,401.2929992675781,440.1713562011719,http://wap.pepsi.co.uk/m3
4956470125_jpg.rf.da5280a43cb3816f07d1aa6a23a928c1,0,29.808935165405273,280.0069274902344,138.19105529785156,280.0069274902344,138.19105529785156,448.6597595214844,29.808935165405273,448.6597595214844,
5189649318_jpg.rf.dca1ab3797e621af3aa1eeb033da1d72,0,119.06318664550781,275.4564208984375,293.93682861328125,275.4564208984375,293.93682861328125,417.5435791015625,119.06318664550781,417.5435791015625,
5189649318_jpg.rf.dca1ab3797e621af3aa1eeb033da1d72,1,336.1918029785156,194.55467224121094,429.408203125,194.55467224121094,429.408203125,310.2453308105469,336.1918029785156,310.2453308105469,
1163_U7CcC7U2C_jpg.rf.dbd3663a6f536a2b019abc66481f4504,0,208.3827667236328,186.47372436523438,427.61724853515625,186.47372436523438,427.61724853515625,377.5262756347656,208.3827667236328,377.5262756347656,
2200733213_jpg.rf.dd654664807fbc857b67b8be50426ee7,0,390.2204284667969,118.71053314208984,517.7796020507812,118.71053314208984,517.7796020507812,273.9561462402344,390.2204284667969,273.9561462402344,2ahttp://www.instructables.com/member/5Volt/42H5Volt at Instructables|http://www.instructables.com/member/5Volt/
4890939944_jpg.rf.dbd14a50d53b07b09859ed6b426917ae,0,136.4903564453125,116.52478790283203,271.5096435546875,116.52478790283203,271.5096435546875,352.8085632324219,136.4903564453125,352.8085632324219,http://www.ilblogdiarredocasa.it
blurredimage017_jpg.rf.dbe444476fb7d759d248e20b07657847,0,380.21453857421875,310.910400390625,496.78546142578125,310.910400390625,496.78546142578125,396.089599609375,380.21453857421875,396.089599609375,Version 2 QR Code Test Image
blurredimage017_jpg.rf.dbe444476fb7d759d248e20b07657847,1,431.1055603027344,188.62269592285156,533.8944702148438,188.62269592285156,533.8944702148438,267.3773193359375,431.1055603027344,267.3773193359375,Version 1 QR
blurredimage017_jpg.rf.dbe444476fb7d759d248e20b07657847,2,90.7496109008789,184.35289001464844,296.2503967285156,184.35289001464844,296.2503967285156,336.6470947265625,90.7496109008789,336.6470947265625,
brightnessimage001_jpg.rf.ddfc4811eb13f14b9a2870e2cf427257,0,400.7950744628906,371.15826416015625,508.2049255371094,371.15826416015625,508.2049255371094,449.84173583984375,400.7950744628906,449.84173583984375,Version 2 QR Code Test Image
brightnessimage001_jpg.rf.ddfc4811eb13f14b9a2870e2cf427257,1,450.45147705078125,265.61932373046875,541.5485229492188,265.61932373046875,541.5485229492188,333.5806579589844,450.45147705078125,333.5806579589844,Version 1 QR
brightnessimage001_jpg.rf.ddfc4811eb13f14b9a2870e2cf427257,2,148.16824340820312,258.06219482421875,325.8317565917969,258.06219482421875,325.8317565917969,390.93780517578125,148.16824340820312,390.93780517578125,
1030_U7VgcEASC_jpg.rf.dd674499e1d3b2ae75a6eb800ac9b520,0,201.96568298339844,304.59942626953125,414.0343017578125,304.59942626953125,414.0343017578125,487.40057373046875,201.96568298339844,487.40057373046875,
3643877605_jpg.rf.dc3f48684a877fff349c63306bae2f87,0,99.30274963378906,99.30274963378906,538.697265625,99.30274963378906,538.697265625,538.697265625,99.30274963378906,538.697265625,http://www.fictilia.org
v2VCard-Title_png_jpg.rf.db33358fd29c0e3373d9c0af683d2ddf,0,21.276901245117188,21.276901245117188,619.3897705078125,21.276901245117188,619.3897705078125,619.3897705078125,21.276901245117188,619.3897705078125,"BEGIN:VCARD
VERSION:2.1
N:Standard;Joe;;;
FN:Joe Standard12.04
TITLE:President
END:VCARD
"
4153941728_jpg.rf.dfb52b6b35bb35108b785352d6147760,0,550.6882934570312,11.794105529785156,619.7117309570312,11.794105529785156,619.7117309570312,106.20589447021484,550.6882934570312,106.20589447021484,
5019270319_jpg.rf.df86e41e74253a77f85718b9a435092d,0,178.2303466796875,301.04803466796875,294.7696533203125,301.04803466796875,294.7696533203125,387.95196533203125,178.2303466796875,387.95196533203125,http://lil.as/uw
0428147090_jpg.rf.de130fb8672d62990f2a16b515ff612d,0,235.28941345214844,295.9120788574219,366.7105712890625,295.9120788574219,366.7105712890625,468.0879211425781,235.28941345214844,468.0879211425781,http://semapedia.org/v/User:Htchien
5055321464_jpg.rf.dafbd7d2e3057ba21cd277e6665639a3,,,,,,,,,,
curvedimage033_jpg.rf.dd6931e86bc354bab7f93c8045356272,0,275.2651062011719,373.0912170410156,401.4015808105469,373.0912170410156,401.4015808105469,471.575439453125,275.2651062011719,471.575439453125,IPN:J68574-001 D/C:2017/10/13
5281779224_jpg.rf.dd5fcb602a8300c97800cc025d9e3dd5,0,327.82330322265625,438.1874084472656,430.57672119140625,438.1874084472656,430.57672119140625,518.6126098632812,327.82330322265625,518.6126098632812,
5281779224_jpg.rf.dd5fcb602a8300c97800cc025d9e3dd5,1,321.74822998046875,338.2713317871094,407.0517883300781,338.2713317871094,407.0517883300781,397.32867431640625,321.74822998046875,397.32867431640625,
damagedimage030_jpg.rf.dc453deb8f09e766d45146ba1df70b2e,,,,,,,,,,
5081575645_jpg.rf.db4fe1fce1503cf936265870d9f22d92,0,196.08969116210938,188.7120361328125,395.9103088378906,188.7120361328125,395.9103088378906,476.2879638671875,196.08969116210938,476.2879638671875,
5174811716_jpg.rf.db570e6bf663068decabba5d8fc2a21a,0,153.62002563476562,267.2646484375,311.3799743652344,267.2646484375,311.3799743652344,391.7353515625,153.62002563476562,391.7353515625,
IMG_20220530_165156_jpg.rf.dae147377c8ce28d9da5c235bdb44d90,,,,,,,,,,
4142786699_jpg.rf.df87f113413ea8b1fdc727e1402461b5,0,142.8633575439453,111.02242279052734,481.13665771484375,111.02242279052734,481.13665771484375,364.9775695800781,142.8633575439453,364.9775695800781,http://www.twitter.com/TranslateThis
4340953822_jpg.rf.e073e9c8ae3d44c82bedfe8763ef22d2,,,,,,,,,,
3725097593_jpg.rf.df031834eb62e879e7f8642d6505975b,0,217.92286682128906,206.73342895507812,420.0771484375,206.73342895507812,420.0771484375,469.2665710449219,217.92286682128906,469.2665710449219,07101140984DA
4947129990_jpg.rf.e0b06080f3bafb836dfecb9cd75a2cfb,0,172.70797729492188,241.143310546875,374.2920227050781,241.143310546875,374.2920227050781,561.856689453125,172.70797729492188,561.856689453125,
3461701251_jpg.rf.dfaf37f2a16a9f8fb6cd8bc66e1e1ca2,0,508.8345031738281,330.9779052734375,628.1654663085938,330.9779052734375,628.1654663085938,538.0220947265625,508.8345031738281,538.0220947265625,ANA090402KN14F824QDY242562584   1181845
5137889651_jpg.rf.dd90c5bdd66e2b618d5b95138f235f0b,0,218.43524169921875,129.58737182617188,407.56475830078125,129.58737182617188,407.56475830078125,302.4126281738281,218.43524169921875,302.4126281738281,
nominalimage033_jpg.rf.e0c95104a3697d310e0f57cd335734b7,0,255.5248565673828,279.09576416015625,352.8751525878906,279.09576416015625,352.8751525878906,353.7042541503906,255.5248565673828,353.7042541503906,
glareimage050_jpg.rf.e0ffecdf1f92176e2ccf5682706ed076,0,46.739295959472656,39.37791442871094,607.2606811523438,39.37791442871094,607.2606811523438,589.6220703125,46.739295959472656,589.6220703125,
brightnessimage022_jpg.rf.e2e3d78221dad96d8ef3e0ab773ddce9,0,400.63800048828125,369.6356201171875,508.36199951171875,369.6356201171875,508.36199951171875,451.3643798828125,400.63800048828125,451.3643798828125,Version 2 QR Code Test Image
brightnessimage022_jpg.rf.e2e3d78221dad96d8ef3e0ab773ddce9,1,450.39105224609375,265.57427978515625,541.6089477539062,265.57427978515625,541.6089477539062,333.6257019042969,450.39105224609375,333.6257019042969,Version 1 QR
brightnessimage022_jpg.rf.e2e3d78221dad96d8ef3e0ab773ddce9,2,148.01278686523438,257.9432678222656,325.9872131347656,257.9432678222656,325.9872131347656,391.0567321777344,148.01278686523438,391.0567321777344,
rotationsimage025_jpg.rf.e3b4e04e4298b07c127cb44fdbc73fe4,0,438.9855041503906,277.0575866699219,565.0144653320312,277.0575866699219,565.0144653320312,446.9424133300781,438.9855041503906,446.9424133300781,
rotationsimage025_jpg.rf.e3b4e04e4298b07c127cb44fdbc73fe4,1,58.897796630859375,290.199462890625,397.7688903808594,290.199462890625,397.7688903808594,530.4672241210938,58.897796630859375,530.4672241210938,
rotationsimage025_jpg.rf.e3b4e04e4298b07c127cb44fdbc73fe4,2,342.3560791015625,204.99807739257812,440.44390869140625,204.99807739257812,440.44390869140625,325.80194091796875,342.3560791015625,325.80194091796875,
3361211971_jpg.rf.e2d3aab3b8f37dc19fc054d5be5ce0e2,0,326.4074401855469,167.1905059814453,455.5925598144531,167.1905059814453,455.5925598144531,356.8094787597656,326.4074401855469,356.8094787597656,LOVE
4693_W4ZGNGooB_jpg.rf.e1cd2bb2a086cbe819ea6e2f535d67ce,0,138.5670623779297,146.94618225097656,503.43292236328125,146.94618225097656,503.43292236328125,482.0538330078125,138.5670623779297,482.0538330078125,
4501696267_jpg.rf.e356e9db8041106bf81ca27ff2b85316,,,,,,,,,,
blurredimage026_jpg.rf.e1b0c74b990f1e8fad3dcd33d3b4b375,0,350.342041015625,402.5211486816406,555.657958984375,402.5211486816406,555.657958984375,569.8788452148438,350.342041015625,569.8788452148438,
blurredimage026_jpg.rf.e1b0c74b990f1e8fad3dcd33d3b4b375,1,45.86267852783203,290.81524658203125,247.1373291015625,290.81524658203125,247.1373291015625,447.18475341796875,45.86267852783203,447.18475341796875,
IMG_20220601_161923_jpg.rf.e27221bc8a89fa29b42bb958bce4ec15,,,,,,,,,,
1213992780_jpg.rf.e59be598a032a3fa7399a89a153b826e,0,441.45306396484375,218.6705322265625,634.5469360351562,218.6705322265625,634.5469360351562,436.3294677734375,441.45306396484375,436.3294677734375,
1213992780_jpg.rf.e59be598a032a3fa7399a89a153b826e,1,90.3132553100586,259.5140380859375,267.6867370605469,259.5140380859375,267.6867370605469,389.4859619140625,90.3132553100586,389.4859619140625,
1213992780_jpg.rf.e59be598a032a3fa7399a89a153b826e,2,183.68798828125,175.9886474609375,384.9786682128906,175.9886474609375,384.9786682128906,308.6780090332031,183.68798828125,308.6780090332031,
damagedimage001_jpg.rf.e43a529f1fb11a9b9f6db534b7acddf4,0,290.0419921875,370.7312316894531,369.5580139160156,370.7312316894531,369.5580139160156,428.0687561035156,290.0419921875,428.0687561035156,HTTPS://NUTS.COM/QR/retail_piece/43597561?sku=4022-01
3430313114_jpg.rf.e58e1f46b9fafa264172069fcd695586,,,,,,,,,,
v3SMS-Text_png_jpg.rf.e39d775e4b5b5591fe11708f4e8a9cdf,0,28.10662841796875,28.10662841796875,609.8933715820312,28.10662841796875,609.8933715820312,609.8933715820312,28.10662841796875,609.8933715820312,SMSTO:555-123-5555:Message to Be Sent.
high_versionimage015_jpg.rf.e695c2d507d92202d3cb3c93f60e446c,0,46.48064422607422,5.293083190917969,634.5193481445312,5.293083190917969,634.5193481445312,560.7069091796875,46.48064422607422,560.7069091796875,
4604913130_jpg.rf.e28103f61cb889cfe10fe4b91b878ebf,0,0.0,121.9724349975586,294.1299133300781,121.9724349975586,294.1299133300781,566.027587890625,0.0,566.027587890625,
4518390570_jpg.rf.e73f39f57e0f971abf8992c0ae71bffc,0,219.93588256835938,201.6977996826172,360.0641174316406,201.6977996826172,360.0641174316406,379.30218505859375,219.93588256835938,379.30218505859375,
3634614653_jpg.rf.e77a80acf1c3290a8f3285fe3bf1de38,,,,,,,,,,
v2MeCard-Dates_png_jpg.rf.e1d958db6a637429102a6fd6ff0b63a7,0,28.10662841796875,28.10662841796875,609.8933715820312,28.10662841796875,609.8933715820312,609.8933715820312,28.10662841796875,609.8933715820312,"MECARD:N:Standard11.4,Joe;BDAY:17760704;;"
nominalimage031_jpg.rf.e6c005becd7d8de9c6e11843190874e4,0,351.1705017089844,380.1474609375,554.8294677734375,380.1474609375,554.8294677734375,524.8525390625,351.1705017089844,524.8525390625,
nominalimage031_jpg.rf.e6c005becd7d8de9c6e11843190874e4,1,64.13304901123047,379.4292297363281,269.866943359375,379.4292297363281,269.866943359375,530.57080078125,64.13304901123047,530.57080078125,0555506635839349055557
IMG_20220530_143344_jpg.rf.e2fc15260f5eef856559e7153262e5ff,,,,,,,,,,
IMG_20220601_164700_jpg.rf.e32cbe173c3d9467e68d6fd473d82ff6,,,,,,,,,,
IMG_20220601_161947_jpg.rf.e50b9f55a4ef1ffc1ee1650268503904,,,,,,,,,,
perspectiveimage021_jpg.rf.e3dc07d2330c06db1071f2a2159fa6f5,0,167.8605499267578,191.27835083007812,390.13946533203125,191.27835083007812,390.13946533203125,474.7216491699219,167.8605499267578,474.7216491699219,
3881432281_jpg.rf.e7827dc19db0a0087fb710b181949c3e,0,53.080299377441406,316.37841796875,226.91970825195312,316.37841796875,226.91970825195312,545.62158203125,53.080299377441406,545.62158203125,
4440799716_jpg.rf.e7f7eeb27f7c0ac5a7c65b32ac964b16,0,264.26025390625,333.43011474609375,555.73974609375,333.43011474609375,555.73974609375,560.5698852539062,264.26025390625,560.5698852539062,
closeimage004_jpg.rf.e6c2a553037b9fbd50e3f9d6b822a27b,0,20.748291015625,80.58441162109375,635.251708984375,80.58441162109375,635.251708984375,589.4155883789062,20.748291015625,589.4155883789062,
high_versionimage009_jpg.rf.e5674189a0bdcbb6d8e088692bbed708,0,18.127090454101562,22.17855453491211,601.8729248046875,22.17855453491211,601.8729248046875,629.8214721679688,18.127090454101562,629.8214721679688,
5020909946_jpg.rf.e4964512f9e495bc0de8a0bc07db9795,0,411.46258544921875,163.5279998779297,560.5374145507812,163.5279998779297,560.5374145507812,358.47198486328125,411.46258544921875,358.47198486328125,http://www.treesforcities.org/page.php?id=88
4340948308_jpg.rf.e82e6e5b78fd41d9d3f2c56041ab9925,,,,,,,,,,
1550199193_jpg.rf.e7b324e3b4ad2c7533492a79a1397218,,,,,,,,,,
bright_spotsimage001_jpg.rf.e8601f901df702ac249c54ca23cbdc16,,,,,,,,,,
IMG_20220601_165010_jpg.rf.e7b3779c938a7ae2b911f183651a3673,,,,,,,,,,
blurredimage027_jpg.rf.e8d052cd5848fc00579390cfcc02d9c1,0,350.9181213378906,402.6557312011719,554.0819091796875,402.6557312011719,554.0819091796875,568.34423828125,350.9181213378906,568.34423828125,
blurredimage027_jpg.rf.e8d052cd5848fc00579390cfcc02d9c1,1,44.84846496582031,290.96337890625,247.1515350341797,290.96337890625,247.1515350341797,447.03662109375,44.84846496582031,447.03662109375,
2870381761_jpg.rf.ec55b4aefbe4700d4ba6d7deaf1e9445,,,,,,,,,,
4437534340_jpg.rf.e864bfe0f07206e658ecfdfdeca33507,0,139.79928588867188,207.62059020996094,323.2007141113281,207.62059020996094,323.2007141113281,438.37939453125,139.79928588867188,438.37939453125,
3983565397_jpg.rf.ea167b0b8fab0c54ba01f2766a0f3463,,,,,,,,,,
5290281433_jpg.rf.e907e899eb27d60c17085590d595cc8c,,,,,,,,,,
4219_W4swLLUnB_jpg.rf.ea2f919c3078c1253c1f002a3ecbe859,0,118.82197570800781,136.95587158203125,512.1780395507812,136.95587158203125,512.1780395507812,496.04412841796875,118.82197570800781,496.04412841796875,
2238679342_jpg.rf.e9a9329b98279a85f65c99769941b513,0,501.3777160644531,448.5322570800781,593.9556274414062,448.5322570800781,593.9556274414062,579.4677124023438,501.3777160644531,579.4677124023438,
curvedimage039_jpg.rf.e8eb686db7c011d646ca90d6a8252699,0,320.9650573730469,370.50836181640625,446.0349426269531,370.50836181640625,446.0349426269531,461.49163818359375,320.9650573730469,461.49163818359375,
5031494545_jpg.rf.eab98d725f33d6a5b84ca581be01fe9d,,,,,,,,,,
5226037432_jpg.rf.eb7ffe0def0f2a7f41e0a96a6dea7875,0,339.39117431640625,301.14581298828125,546.6088256835938,301.14581298828125,546.6088256835938,532.8541870117188,339.39117431640625,532.8541870117188,
noncompliantimage015_jpg.rf.ec5e2639bf79d5b514a15bec0d6d1ca7,0,63.75269317626953,67.3847885131836,608.247314453125,67.3847885131836,608.247314453125,538.615234375,63.75269317626953,538.615234375,
5055313244_jpg.rf.e894a3cd6072aa71ad67ab09773b8616,0,170.35073852539062,163.8432159423828,223.24923706054688,163.8432159423828,223.24923706054688,230.1567840576172,170.35073852539062,230.1567840576172,
curvedimage013_jpg.rf.ebdf1250cfed824c42b2463ad361c89e,0,186.74888610839844,260.3293151855469,373.9177551269531,260.3293151855469,373.9177551269531,401.0040283203125,186.74888610839844,401.0040283203125,
damagedimage029_jpg.rf.ed1a0758c069159cedba6a6ef6e55b86,,,,,,,,,,
3303278929_jpg.rf.eabff222bf2b3af8e92366808815f7cc,,,,,,,,,,
3514866061_jpg.rf.ecae78962e2e15b3916d4e10165ed80d,0,140.55322265625,50.61487579345703,529.44677734375,50.61487579345703,529.44677734375,579.3851318359375,140.55322265625,579.3851318359375,
bright_spotsimage003_jpg.rf.ec85b134aa69b969c4da768ba8808b68,0,381.3540954589844,277.2247619628906,453.0458984375,277.2247619628906,453.0458984375,332.375244140625,381.3540954589844,332.375244140625,
bright_spotsimage003_jpg.rf.ec85b134aa69b969c4da768ba8808b68,1,354.9544677734375,362.1259460449219,433.44549560546875,362.1259460449219,433.44549560546875,422.674072265625,354.9544677734375,422.674072265625,
3404232239_jpg.rf.e9ec108815e2ea0d09a50fdaaf7c7006,0,460.48101806640625,207.2996368408203,537.1190185546875,207.2996368408203,537.1190185546875,319.5003662109375,460.48101806640625,319.5003662109375,
monitorimage006_jpg.rf.ed4402f39c1b3b17be03bc0ef1a0030b,0,4.212677001953125,0.0,639.0,0.0,639.0,630.3286743164062,4.212677001953125,630.3286743164062,
5266587566_jpg.rf.edfaaf5a6876f5730e13a1e4bb6ab7d7,,,,,,,,,,
4664818817_jpg.rf.e98e6a80a8a61163faa39732f28e08dd,,,,,,,,,,
4886984392_jpg.rf.e9e08365e1ed55e434becba49f74354c,0,243.8505859375,173.50076293945312,347.34942626953125,173.50076293945312,347.34942626953125,284.4992370605469,243.8505859375,284.4992370605469,
bright_spotsimage004_jpg.rf.ec58b7e0b490867e2ed90d1904987444,0,169.82359313964844,290.5628662109375,311.7763977050781,290.5628662109375,311.7763977050781,396.63714599609375,169.82359313964844,396.63714599609375,
bright_spotsimage004_jpg.rf.ec58b7e0b490867e2ed90d1904987444,1,400.89990234375,292.4562683105469,470.7001037597656,292.4562683105469,470.7001037597656,345.9437255859375,400.89990234375,345.9437255859375,
bright_spotsimage004_jpg.rf.ec58b7e0b490867e2ed90d1904987444,2,372.40020751953125,376.25244140625,450.3997497558594,376.25244140625,450.3997497558594,436.1475524902344,372.40020751953125,436.1475524902344,
4559245959_jpg.rf.ee704a91914fc14de0b24095db32a33e,0,390.9285888671875,311.2642517089844,483.7380676269531,311.2642517089844,483.7380676269531,416.069091796875,390.9285888671875,416.069091796875,
3430293558_jpg.rf.ed067598ad3d398d270114c09f4b8ec7,0,212.8912811279297,392.34674072265625,421.90875244140625,392.34674072265625,421.90875244140625,512.853271484375,212.8912811279297,512.853271484375,
3305772822_jpg.rf.ecbb86a4fb280b4da7cb6d8de32335db,0,286.8494873046875,332.56158447265625,365.95050048828125,332.56158447265625,365.95050048828125,394.2384033203125,286.8494873046875,394.2384033203125,http://b.snappr.net/pfe52
5095032821_jpg.rf.ef2ec008a59be6e7eea29e5537012ffa,0,287.1819763183594,183.22718811035156,440.8180236816406,183.22718811035156,440.8180236816406,319.7728271484375,287.1819763183594,319.7728271484375,
3242297116_jpg.rf.ef45c3859a1357345301771958157385,,,,,,,,,,
4884107014_jpg.rf.eecd2f621c26dff49294e921d8b8d9b1,,,,,,,,,,
pathologicalimage014_png_jpg.rf.ef6726f11485dbae43ff4434c7e0c731,0,30.51824951171875,30.51824951171875,607.4817504882812,30.51824951171875,607.4817504882812,607.4817504882812,30.51824951171875,607.4817504882812,MAILTO:name@myemail.com
v2Phone_png_jpg.rf.eee521758cca8fb4ebca99b94161ac9a,0,35.33184051513672,35.33184051513672,602.6681518554688,35.33184051513672,602.6681518554688,602.6681518554688,35.33184051513672,602.6681518554688,TEL:555-123-5555
4724820543_jpg.rf.efd56e3ee8af301c986fc5db52c3fe37,,,,,,,,,,
IMG_20220604_165248_jpg.rf.f17d6ba52b5656409cdc3f07bf3b14e7,,,,,,,,,,
blurredimage029_jpg.rf.ee32a33914e1ee36650ecd07b3b400b9,0,139.2398223876953,161.87803649902344,512.7601928710938,161.87803649902344,512.7601928710938,404.1219787597656,139.2398223876953,404.1219787597656,
2943752525_jpg.rf.efd9c52828f52ec75123d31d8cee0697,0,0.0,197.24560546875,517.2124633789062,197.24560546875,517.2124633789062,639.0,0.0,639.0,
4397152402_jpg.rf.f3936e6208225d6130dddd6b86ccf229,,,,,,,,,,
blurredimage003_jpg.rf.f1e24292708d6dc06d4d20fc11ffc7ae,0,50.61854553222656,194.9663543701172,360.0481262207031,194.9663543701172,360.0481262207031,639.0,50.61854553222656,639.0,
4688978289_jpg.rf.f0510f52acfa603003d148220552abe2,0,195.6009063720703,116.67449951171875,442.39910888671875,116.67449951171875,442.39910888671875,417.32550048828125,195.6009063720703,417.32550048828125,
IMG_20220531_085815_jpg.rf.f03472598f558cd2f511c636eb2b25b9,,,,,,,,,,
glareimage047_jpg.rf.f2d951bb864b9c9b9d924bed5a16d2b1,0,99.67133331298828,99.82461547851562,548.3286743164062,99.82461547851562,548.3286743164062,542.1754150390625,99.67133331298828,542.1754150390625,
2804927859_jpg.rf.f01506d36049ea5db68ac894c4d01f1b,0,238.25509643554688,285.9942321777344,362.5448913574219,285.9942321777344,362.5448913574219,466.8057556152344,238.25509643554688,466.8057556152344,
blurredimage012_jpg.rf.f282fd9e2302f48181b8d7328cbad74d,0,380.5147705078125,223.1833953857422,487.4852294921875,223.1833953857422,487.4852294921875,349.8166198730469,380.5147705078125,349.8166198730469,http://g.augme.com/1803
5118585410_jpg.rf.f0d2a46c8f250e8addaff88e83b5b95b,0,152.31475830078125,283.30816650390625,272.8852233886719,283.30816650390625,272.8852233886719,440.6918029785156,152.31475830078125,440.6918029785156,
damagedimage021_jpg.rf.f10b20cf75c855332673811a611658db,0,64.56220245361328,117.21224212646484,555.4378051757812,117.21224212646484,555.4378051757812,538.7877807617188,64.56220245361328,538.7877807617188,
high_versionimage000_jpg.rf.f4472ed8cfdc6776892f0421e391fbfc,0,0.0,17.228015899658203,628.5825805664062,17.228015899658203,628.5825805664062,601.9719848632812,0.0,601.9719848632812,
damagedimage016_jpg.rf.f358bbae79e4d7efc9e54fb40f5644e5,0,98.69111633300781,176.53469848632812,539.3088989257812,176.53469848632812,539.3088989257812,547.46533203125,98.69111633300781,547.46533203125,
2236468419_jpg.rf.f46564b907db6db249d27e3d94a8daca,0,128.41064453125,240.59512329101562,275.58935546875,240.59512329101562,275.58935546875,361.4048767089844,128.41064453125,361.4048767089844,
perspectiveimage027_jpg.rf.f308f8af14e60c1bfc7b59c691ab7c8f,0,228.72332763671875,193.1563262939453,410.6100158691406,193.1563262939453,410.6100158691406,375.5103454589844,228.72332763671875,375.5103454589844,
2740692511_jpg.rf.f362ec2864b160a0273ced7f9201610d,,,,,,,,,,
closeimage040_jpg.rf.f176018d8948e9da028ffc44e433f59b,0,27.236534118652344,215.74038696289062,562.7634887695312,215.74038696289062,562.7634887695312,598.2596435546875,27.236534118652344,598.2596435546875,
glareimage004_jpg.rf.f2b773debb8e6139b7378444a9c57bb7,,,,,,,,,,
3752626321_jpg.rf.f2f957739843834e85260a91cba2701f,0,252.0837860107422,318.1576232910156,317.5162048339844,318.1576232910156,317.5162048339844,366.64239501953125,252.0837860107422,366.64239501953125,
IMG_20220601_165502_jpg.rf.f43d41f7703b400e1a64ee9c6175ef5d,,,,,,,,,,
2127267576_jpg.rf.f4d061ad5ad31c7d6f410a345ce7152d,0,107.678466796875,176.05789184570312,464.321533203125,176.05789184570312,464.321533203125,537.9420776367188,107.678466796875,537.9420776367188,http://semapedia.org/v/Pillow
v3YouTube_png_jpg.rf.f353036180a871982018d8c83ecb1250,0,28.10662841796875,28.10662841796875,609.8933715820312,28.10662841796875,609.8933715820312,609.8933715820312,28.10662841796875,609.8933715820312,http://www.youtube.com/watch?v=B3lrcOhmp9g
4441756800_jpg.rf.f525e96f1c9748f169bb9c1f1d53cadf,0,417.0464782714844,257.846435546875,496.15350341796875,257.846435546875,496.15350341796875,368.5535583496094,417.0464782714844,368.5535583496094,http://bit.ly/sxswater35
2513563863_jpg.rf.f1de0f9b28d97cc61e085963ab106ae5,,,,,,,,,,
5044299125_jpg.rf.f7ae136106ab61959309c02fa9f8c7ee,0,311.150390625,338.24066162109375,580.849609375,338.24066162109375,580.849609375,529.7593383789062,311.150390625,529.7593383789062,
0525173503_jpg.rf.f95ba1de730c708795ec3f3e88bdb398,0,73.67130279541016,263.0327453613281,161.32870483398438,263.0327453613281,161.32870483398438,325.9672546386719,73.67130279541016,325.9672546386719,http://www.staatstheater-darmstadt.de/mobile
5136707952_jpg.rf.f70106566d9894ac3975b9919c59f65f,,,,,,,,,,
glareimage034_jpg.rf.f5c6730d59299cecf78c5433f3b837ac,0,64.93051147460938,221.1441192626953,339.0694885253906,221.1441192626953,339.0694885253906,468.85589599609375,64.93051147460938,468.85589599609375,
2929954722_jpg.rf.f8d56b0f788d6a1dada17f0554ddeaac,0,509.9632873535156,430.30511474609375,605.63671875,430.30511474609375,605.63671875,554.0948486328125,509.9632873535156,554.0948486328125,
IMG_20220601_165509_jpg.rf.f8a25e1e73f92604fb0112ba080d76c2,,,,,,,,,,
damagedimage007_jpg.rf.f7c3ed99ac71574294b8b70d3498e57b,,,,,,,,,,
0525173193_jpg.rf.f92755c9595ce2a3e9482ab7a7856499,0,243.45880126953125,225.30258178710938,359.54119873046875,225.30258178710938,359.54119873046875,425.6974182128906,243.45880126953125,425.6974182128906,
5272460338_jpg.rf.f66bd2e0b92871a376f22bff0b1fee2b,0,137.85806274414062,226.3979949951172,504.1419372558594,226.3979949951172,504.1419372558594,399.60198974609375,137.85806274414062,399.60198974609375,http://www.thedaringlibrarian.com/
lotsimage004_jpg.rf.f8f149f3fad7174f487c5912735ff49a,0,375.8312072753906,121.00337219238281,438.56878662109375,121.00337219238281,438.56878662109375,173.39663696289062,375.8312072753906,173.39663696289062,Test 03
lotsimage004_jpg.rf.f8f149f3fad7174f487c5912735ff49a,1,158.59396362304688,122.6831283569336,207.40603637695312,122.6831283569336,207.40603637695312,160.9168701171875,158.59396362304688,160.9168701171875,Test
lotsimage004_jpg.rf.f8f149f3fad7174f487c5912735ff49a,2,341.5812683105469,218.867919921875,400.8187255859375,218.867919921875,400.8187255859375,267.5320739746094,341.5812683105469,267.5320739746094,
lotsimage004_jpg.rf.f8f149f3fad7174f487c5912735ff49a,3,501.74066162109375,146.3890380859375,567.4593505859375,146.3890380859375,567.4593505859375,200.4109649658203,501.74066162109375,200.4109649658203,Test
lotsimage004_jpg.rf.f8f149f3fad7174f487c5912735ff49a,4,419.77655029296875,183.7758026123047,481.82342529296875,183.7758026123047,481.82342529296875,234.6241912841797,419.77655029296875,234.6241912841797,bayleaf
lotsimage004_jpg.rf.f8f149f3fad7174f487c5912735ff49a,5,366.91168212890625,321.5084228515625,425.48834228515625,321.5084228515625,425.48834228515625,366.8915710449219,366.91168212890625,366.8915710449219,
lotsimage004_jpg.rf.f8f149f3fad7174f487c5912735ff49a,6,425.3485412597656,333.72747802734375,484.25146484375,333.72747802734375,484.25146484375,379.8725280761719,425.3485412597656,379.8725280761719,
lotsimage004_jpg.rf.f8f149f3fad7174f487c5912735ff49a,7,221.9956512451172,121.8204574584961,269.204345703125,121.8204574584961,269.204345703125,160.5795440673828,221.9956512451172,160.5795440673828,New
lotsimage004_jpg.rf.f8f149f3fad7174f487c5912735ff49a,8,162.15249633789062,173.08090209960938,209.447509765625,173.08090209960938,209.447509765625,209.7191162109375,162.15249633789062,209.7191162109375,Test 01
lotsimage004_jpg.rf.f8f149f3fad7174f487c5912735ff49a,9,462.263671875,244.4347381591797,524.1363525390625,244.4347381591797,524.1363525390625,293.56524658203125,462.263671875,293.56524658203125,
lotsimage004_jpg.rf.f8f149f3fad7174f487c5912735ff49a,10,358.3734130859375,171.0986785888672,419.22662353515625,171.0986785888672,419.22662353515625,221.70132446289062,358.3734130859375,221.70132446289062,
lotsimage004_jpg.rf.f8f149f3fad7174f487c5912735ff49a,11,165.07058715820312,221.06283569335938,212.5294189453125,221.06283569335938,212.5294189453125,256.9371643066406,165.07058715820312,256.9371643066406,altoids
lotsimage004_jpg.rf.f8f149f3fad7174f487c5912735ff49a,12,443.270263671875,290.02789306640625,503.92974853515625,290.02789306640625,503.92974853515625,337.57208251953125,443.270263671875,337.57208251953125,
lotsimage004_jpg.rf.f8f149f3fad7174f487c5912735ff49a,13,168.9626922607422,267.8044738769531,214.63729858398438,267.8044738769531,214.63729858398438,301.3955383300781,168.9626922607422,301.3955383300781,
lotsimage004_jpg.rf.f8f149f3fad7174f487c5912735ff49a,14,401.36029052734375,231.4473876953125,462.23974609375,231.4473876953125,462.23974609375,280.5526123046875,401.36029052734375,280.5526123046875,
lotsimage004_jpg.rf.f8f149f3fad7174f487c5912735ff49a,15,383.7820129394531,277.1528015136719,443.41796875,277.1528015136719,443.41796875,325.2471923828125,383.7820129394531,325.2471923828125,
lotsimage004_jpg.rf.f8f149f3fad7174f487c5912735ff49a,16,438.2657775878906,133.4496612548828,502.9342346191406,133.4496612548828,502.9342346191406,186.95034790039062,438.2657775878906,186.95034790039062,Enough
lotsimage004_jpg.rf.f8f149f3fad7174f487c5912735ff49a,17,325.44903564453125,264.9330139160156,383.3509826660156,264.9330139160156,383.3509826660156,311.46697998046875,325.44903564453125,311.46697998046875,
lotsimage004_jpg.rf.f8f149f3fad7174f487c5912735ff49a,18,96.69134521484375,123.2966079711914,144.90866088867188,123.2966079711914,144.90866088867188,161.9033966064453,96.69134521484375,161.9033966064453,Enough
lotsimage004_jpg.rf.f8f149f3fad7174f487c5912735ff49a,19,481.21429443359375,196.03570556640625,545.585693359375,196.03570556640625,545.585693359375,248.3643035888672,481.21429443359375,248.3643035888672,Test 01
lotsimage004_jpg.rf.f8f149f3fad7174f487c5912735ff49a,20,502.4505310058594,301.87066650390625,565.1494750976562,301.87066650390625,565.1494750976562,351.329345703125,502.4505310058594,351.329345703125,
lotsimage004_jpg.rf.f8f149f3fad7174f487c5912735ff49a,21,543.8699951171875,209.0728302001953,609.72998046875,209.0728302001953,609.72998046875,261.7271728515625,543.8699951171875,261.7271728515625,Test 02
lotsimage004_jpg.rf.f8f149f3fad7174f487c5912735ff49a,22,484.05560302734375,345.96484375,543.5443725585938,345.96484375,543.5443725585938,392.4351501464844,484.05560302734375,392.4351501464844,
lotsimage004_jpg.rf.f8f149f3fad7174f487c5912735ff49a,23,48.36106491088867,220.6529541015625,95.23893737792969,220.6529541015625,95.23893737792969,256.54705810546875,48.36106491088867,256.54705810546875,
lotsimage004_jpg.rf.f8f149f3fad7174f487c5912735ff49a,24,565.7837524414062,159.4387664794922,633.416259765625,159.4387664794922,633.416259765625,213.76123046875,565.7837524414062,213.76123046875,New
lotsimage004_jpg.rf.f8f149f3fad7174f487c5912735ff49a,25,224.2331085205078,172.6155548095703,270.9668884277344,172.6155548095703,270.9668884277344,209.78445434570312,224.2331085205078,209.78445434570312,Test 02
lotsimage004_jpg.rf.f8f149f3fad7174f487c5912735ff49a,26,522.9013061523438,256.9107666015625,587.0986938476562,256.9107666015625,587.0986938476562,306.6892395019531,522.9013061523438,306.6892395019531,kooTEK
lotsimage004_jpg.rf.f8f149f3fad7174f487c5912735ff49a,27,100.81631469726562,173.32235717773438,148.78369140625,173.32235717773438,148.78369140625,209.87765502929688,100.81631469726562,209.87765502929688,
lotsimage004_jpg.rf.f8f149f3fad7174f487c5912735ff49a,28,34.60530471801758,123.22535705566406,85.79469299316406,123.22535705566406,85.79469299316406,163.17465209960938,34.60530471801758,163.17465209960938,
lotsimage004_jpg.rf.f8f149f3fad7174f487c5912735ff49a,29,385.6390686035156,472.5187072753906,447.9609375,472.5187072753906,447.9609375,524.2813110351562,385.6390686035156,524.2813110351562,
lotsimage004_jpg.rf.f8f149f3fad7174f487c5912735ff49a,30,225.893798828125,267.3197021484375,276.106201171875,267.3197021484375,276.106201171875,302.6802978515625,225.893798828125,302.6802978515625,
lotsimage004_jpg.rf.f8f149f3fad7174f487c5912735ff49a,31,106.07476806640625,220.8311767578125,151.92523193359375,220.8311767578125,151.92523193359375,256.36883544921875,106.07476806640625,256.36883544921875,
lotsimage004_jpg.rf.f8f149f3fad7174f487c5912735ff49a,32,263.00311279296875,449.1705017089844,324.59686279296875,449.1705017089844,324.59686279296875,500.42950439453125,263.00311279296875,500.42950439453125,
lotsimage004_jpg.rf.f8f149f3fad7174f487c5912735ff49a,33,219.2453155517578,422.7021484375,280.35467529296875,422.7021484375,280.35467529296875,474.49786376953125,219.2453155517578,474.49786376953125,
lotsimage004_jpg.rf.f8f149f3fad7174f487c5912735ff49a,34,297.16900634765625,419.74090576171875,360.0309753417969,419.74090576171875,360.0309753417969,471.85906982421875,297.16900634765625,471.85906982421875,
lotsimage004_jpg.rf.f8f149f3fad7174f487c5912735ff49a,35,174.1439208984375,396.0565185546875,236.25607299804688,396.0565185546875,236.25607299804688,448.343505859375,174.1439208984375,448.343505859375,
lotsimage004_jpg.rf.f8f149f3fad7174f487c5912735ff49a,36,341.18719482421875,445.735595703125,404.4128112792969,445.735595703125,404.4128112792969,498.264404296875,341.18719482421875,498.264404296875,
lotsimage004_jpg.rf.f8f149f3fad7174f487c5912735ff49a,37,207.738037109375,366.0458068847656,269.8619689941406,366.0458068847656,269.8619689941406,418.75421142578125,207.738037109375,418.75421142578125,
4808349970_jpg.rf.fa108f29482630b618767b4f43373b3b,0,218.7282257080078,221.38401794433594,443.27178955078125,221.38401794433594,443.27178955078125,384.615966796875,218.7282257080078,384.615966796875,http://www.id-iom.com
2954565832_jpg.rf.f9ed86176b261f16da8ef81ff3e0c0b9,0,280.59552001953125,114.59989929199219,557.4044799804688,114.59989929199219,557.4044799804688,406.40008544921875,280.59552001953125,406.40008544921875,
3831773252_jpg.rf.fa564a6e20929cf469254258f7b86cef,0,142.97909545898438,326.58880615234375,224.02090454101562,326.58880615234375,224.02090454101562,446.41119384765625,142.97909545898438,446.41119384765625,http://streetartdealer.com/launch
IMG_20220602_171905_jpg.rf.fa2f78d0d49a81eacb349c68f4af57df,,,,,,,,,,
lotsimage003_jpg.rf.f98c42362338bb5f7d9088f3b80f1702,0,392.5101623535156,257.6626281738281,456.28985595703125,257.6626281738281,456.28985595703125,310.73736572265625,392.5101623535156,310.73736572265625,Words
lotsimage003_jpg.rf.f98c42362338bb5f7d9088f3b80f1702,1,353.37811279296875,196.69400024414062,413.8219299316406,196.69400024414062,413.8219299316406,246.906005859375,353.37811279296875,246.906005859375,lalala
lotsimage003_jpg.rf.f98c42362338bb5f7d9088f3b80f1702,2,372.65191650390625,306.18475341796875,435.34808349609375,306.18475341796875,435.34808349609375,358.615234375,372.65191650390625,358.615234375,
lotsimage003_jpg.rf.f98c42362338bb5f7d9088f3b80f1702,3,412.23388671875,207.7566375732422,477.3661193847656,207.7566375732422,477.3661193847656,261.0433654785156,412.23388671875,261.0433654785156,altoids
lotsimage003_jpg.rf.f98c42362338bb5f7d9088f3b80f1702,4,455.3727111816406,271.66162109375,523.8272705078125,271.66162109375,523.8272705078125,326.7383728027344,455.3727111816406,326.7383728027344,are
lotsimage003_jpg.rf.f98c42362338bb5f7d9088f3b80f1702,5,254.52944946289062,529.2533569335938,317.070556640625,529.2533569335938,317.070556640625,585.9466552734375,254.52944946289062,585.9466552734375,
lotsimage003_jpg.rf.f98c42362338bb5f7d9088f3b80f1702,6,477.37005615234375,220.06997680664062,546.6299438476562,220.06997680664062,546.6299438476562,275.530029296875,477.37005615234375,275.530029296875,kooTEK
lotsimage003_jpg.rf.f98c42362338bb5f7d9088f3b80f1702,7,281.720947265625,232.9805450439453,336.6790466308594,232.9805450439453,336.6790466308594,281.4194641113281,281.720947265625,281.4194641113281,Test
lotsimage003_jpg.rf.f98c42362338bb5f7d9088f3b80f1702,8,316.3341369628906,291.45538330078125,374.46588134765625,291.45538330078125,374.46588134765625,342.1446228027344,316.3341369628906,342.1446228027344,Test 02
lotsimage003_jpg.rf.f98c42362338bb5f7d9088f3b80f1702,9,315.72821044921875,138.0699005126953,373.07177734375,138.0699005126953,373.07177734375,187.13009643554688,315.72821044921875,187.13009643554688,hudson
lotsimage003_jpg.rf.f98c42362338bb5f7d9088f3b80f1702,10,200.8072967529297,192.60269165039062,239.5926971435547,192.60269165039062,239.5926971435547,226.99728393554688,200.8072967529297,226.99728393554688,kooTEK
lotsimage003_jpg.rf.f98c42362338bb5f7d9088f3b80f1702,11,249.9029083251953,464.2715759277344,312.09710693359375,464.2715759277344,312.09710693359375,522.12841796875,249.9029083251953,522.12841796875,
lotsimage003_jpg.rf.f98c42362338bb5f7d9088f3b80f1702,12,210.5531005859375,430.96270751953125,271.8468933105469,430.96270751953125,271.8468933105469,486.6372985839844,210.5531005859375,486.6372985839844,
lotsimage003_jpg.rf.f98c42362338bb5f7d9088f3b80f1702,13,434.2798767089844,321.4087219238281,501.32012939453125,321.4087219238281,501.32012939453125,376.1912841796875,434.2798767089844,376.1912841796875,
lotsimage003_jpg.rf.f98c42362338bb5f7d9088f3b80f1702,14,334.2431640625,244.43301391601562,393.7568359375,244.43301391601562,393.7568359375,295.5669860839844,334.2431640625,295.5669860839844,New
lotsimage003_jpg.rf.f98c42362338bb5f7d9088f3b80f1702,15,265.48126220703125,278.920654296875,318.91876220703125,278.920654296875,318.91876220703125,325.4793395996094,265.48126220703125,325.4793395996094,Test 01
lotsimage003_jpg.rf.f98c42362338bb5f7d9088f3b80f1702,16,298.3224792480469,186.44937133789062,354.4775085449219,186.44937133789062,354.4775085449219,234.3506317138672,298.3224792480469,234.3506317138672,nEeeDeD
lotsimage003_jpg.rf.f98c42362338bb5f7d9088f3b80f1702,17,199.22743225097656,237.66537475585938,237.5725555419922,237.66537475585938,237.5725555419922,271.53460693359375,199.22743225097656,271.53460693359375,are
lotsimage003_jpg.rf.f98c42362338bb5f7d9088f3b80f1702,18,455.0045471191406,104.21678161621094,522.1954345703125,104.21678161621094,522.1954345703125,157.38320922851562,455.0045471191406,157.38320922851562,Test
lotsimage003_jpg.rf.f98c42362338bb5f7d9088f3b80f1702,19,433.2681579589844,156.484619140625,499.93182373046875,156.484619140625,499.93182373046875,209.515380859375,433.2681579589844,209.515380859375,Test 01
lotsimage003_jpg.rf.f98c42362338bb5f7d9088f3b80f1702,20,206.5333251953125,367.77911376953125,266.66668701171875,367.77911376953125,266.66668701171875,423.4208984375,206.5333251953125,423.4208984375,
lotsimage003_jpg.rf.f98c42362338bb5f7d9088f3b80f1702,21,202.83248901367188,146.12875366210938,241.56753540039062,146.12875366210938,241.56753540039062,182.67123413085938,202.83248901367188,182.67123413085938,
lotsimage003_jpg.rf.f98c42362338bb5f7d9088f3b80f1702,22,392.51666259765625,96.58621978759766,454.68328857421875,96.58621978759766,454.68328857421875,147.01377868652344,392.51666259765625,147.01377868652344,
lotsimage003_jpg.rf.f98c42362338bb5f7d9088f3b80f1702,23,523.1304931640625,112.9640121459961,594.0694580078125,112.9640121459961,594.0694580078125,167.03598022460938,523.1304931640625,167.03598022460938,
lotsimage003_jpg.rf.f98c42362338bb5f7d9088f3b80f1702,24,205.56015014648438,99.79466247558594,242.83984375,99.79466247558594,242.83984375,137.80532836914062,205.56015014648438,137.80532836914062,
lotsimage003_jpg.rf.f98c42362338bb5f7d9088f3b80f1702,25,372.4460754394531,147.31631469726562,433.9539489746094,147.31631469726562,433.9539489746094,197.48367309570312,372.4460754394531,197.48367309570312,
lotsimage003_jpg.rf.f98c42362338bb5f7d9088f3b80f1702,26,327.4307861328125,468.60321044921875,395.76922607421875,468.60321044921875,395.76922607421875,530.19677734375,327.4307861328125,530.19677734375,
lotsimage003_jpg.rf.f98c42362338bb5f7d9088f3b80f1702,27,334.06890869140625,88.94886779785156,392.3310852050781,88.94886779785156,392.3310852050781,137.45114135742188,334.06890869140625,137.45114135742188,
lotsimage003_jpg.rf.f98c42362338bb5f7d9088f3b80f1702,28,499.43084716796875,166.99525451660156,570.9691162109375,166.99525451660156,570.9691162109375,222.2047576904297,499.43084716796875,222.2047576904297,Test 02
lotsimage003_jpg.rf.f98c42362338bb5f7d9088f3b80f1702,29,106.85905456542969,238.2266387939453,139.94094848632812,238.2266387939453,139.94094848632812,270.5733642578125,106.85905456542969,270.5733642578125,
lotsimage003_jpg.rf.f98c42362338bb5f7d9088f3b80f1702,30,153.2839813232422,194.34927368164062,189.916015625,194.34927368164062,189.916015625,228.0507354736328,153.2839813232422,228.0507354736328,altoids
lotsimage003_jpg.rf.f98c42362338bb5f7d9088f3b80f1702,31,149.893798828125,237.8437042236328,189.3061981201172,237.8437042236328,189.3061981201172,270.15631103515625,149.893798828125,270.15631103515625,
lotsimage003_jpg.rf.f98c42362338bb5f7d9088f3b80f1702,32,140.78956604003906,368.4049072265625,195.61044311523438,368.4049072265625,195.61044311523438,420.7950744628906,140.78956604003906,420.7950744628906,
lotsimage003_jpg.rf.f98c42362338bb5f7d9088f3b80f1702,33,144.73927307128906,428.7291564941406,198.86073303222656,428.7291564941406,198.86073303222656,481.67083740234375,144.73927307128906,481.67083740234375,
lotsimage003_jpg.rf.f98c42362338bb5f7d9088f3b80f1702,34,170.66067504882812,337.5524597167969,227.33932495117188,337.5524597167969,227.33932495117188,391.2475280761719,170.66067504882812,391.2475280761719,
v2VCard-Type_png_jpg.rf.f78b98182f018a951cc05049699c11a0,0,13.394725799560547,13.394725799560547,624.6052856445312,13.394725799560547,624.6052856445312,624.6052856445312,13.394725799560547,624.6052856445312,"BEGIN:VCARD
VERSION:2.1
N:Standard;Joe;;;
FN:Joe Standard12.02
TEL:999-999-0001
TEL;WORK:999-999-0002
TEL;HOME:999-999-0003
TEL;CELL:999-999-0004
TEL;CELL;WORK:999-999-0005
TEL;CELL,WORK:999-999-0006
TEL;CELL;WORK;VOICE;MSG:999-999-0007
TEL;CELL;WORK;VOICE;type=MSG:999-999-0008
TEL;CELL;WORK;type=VOICE;type=MSG:999-999-0009
END:VCARD
"
IMG_20220601_164259_jpg.rf.f90ca2f4001cea6bca34e7cdf8ac5a35,0,292.572021484375,233.13040161132812,333.427978515625,233.13040161132812,333.427978515625,273.26959228515625,292.572021484375,273.26959228515625,
blurredimage032_jpg.rf.f84fb1be6c3f912dd82853e657a34d31,0,141.9034423828125,210.93283081054688,462.0965576171875,210.93283081054688,462.0965576171875,459.0671691894531,141.9034423828125,459.0671691894531,
monitorimage004_jpg.rf.f66e4f8f70cc05d00fb79a68cea9a11f,0,0.0,13.403976440429688,622.9205322265625,13.403976440429688,622.9205322265625,594.5960083007812,0.0,594.5960083007812,
v3VCard-Type_png_jpg.rf.f9746ae1bc7c4c37557464351a67e9f1,0,14.857192993164062,14.857192993164062,624.142822265625,14.857192993164062,624.142822265625,624.142822265625,14.857192993164062,624.142822265625,"BEGIN:VCARD
VERSION:3.0
N:Standard;Joe;;;
FN:Joe Standard12.02
TEL:999-999-0001
TEL;type=WORK:999-999-0002
TEL;type=HOME:999-999-0003
TEL;type=CELL:999-999-0004
TEL;type=CELL;type=WORK:999-999-0005
TEL;type=CELL,WORK:999-999-0006
TEL;type=CELL;type=WORK;type=VOICE;type=MSG:999-999-0007
TEL;type=CELL,WORK,VOICE,MSG:999-999-0008
TEL;type=CELL,WORK;type=VOICE;type=MSG:999-999-0009
END:VCARD
"
bright_spotsimage022_jpg.rf.f9199cc39346a9886b3987a5f1610d58,0,135.45433044433594,256.52593994140625,316.1456604003906,256.52593994140625,316.1456604003906,390.2740478515625,135.45433044433594,390.2740478515625,
3752626705_jpg.rf.f51d9a7a4cd26eb65976da39ff6745d4,,,,,,,,,,
3660006245_jpg.rf.faed72c8906c8eff0c55938d2c38cdf7,0,152.6150360107422,142.7999267578125,480.38494873046875,142.7999267578125,480.38494873046875,528.2000732421875,152.6150360107422,528.2000732421875,
pathologicalimage015_png_jpg.rf.fa8950cd5501e949583c992320482d80,0,30.51824951171875,30.51824951171875,607.4817504882812,30.51824951171875,607.4817504882812,607.4817504882812,30.51824951171875,607.4817504882812,MAILTO:name@myemail.com
closeimage035_jpg.rf.f975af3c744cc260391a9fa195b4bd53,0,0.0,38.54084014892578,639.0,38.54084014892578,639.0,587.4591674804688,0.0,587.4591674804688,
4941942874_jpg.rf.f98c6e2e1b0623b98628c3472ba234be,0,57.63560485839844,226.7801513671875,244.36439514160156,226.7801513671875,244.36439514160156,459.2198486328125,57.63560485839844,459.2198486328125,
4649988496_jpg.rf.f965b57e8bc4d593b4a52eb053c7863c,,,,,,,,,,
bright_spotsimage010_jpg.rf.fb442c3d8eb5ab6b8650ea6da66e60ce,0,298.9481201171875,161.17837524414062,365.0518798828125,161.17837524414062,365.0518798828125,212.82162475585938,298.9481201171875,212.82162475585938,
curvedimage018_jpg.rf.fb4d369073bb167ed6c0b4fb967f4c12,0,228.01046752929688,451.00732421875,447.9895324707031,451.00732421875,447.9895324707031,604.99267578125,228.01046752929688,604.99267578125,
curvedimage018_jpg.rf.fb4d369073bb167ed6c0b4fb967f4c12,1,119.95838928222656,65.93864440917969,509.0416259765625,65.93864440917969,509.0416259765625,422.06134033203125,119.95838928222656,422.06134033203125,
5327277012_jpg.rf.fd7fee6cfc1a6cf0d67342432ca1717a,0,323.9864807128906,287.07940673828125,394.41351318359375,287.07940673828125,394.41351318359375,358.1205749511719,323.9864807128906,358.1205749511719,
closeimage036_jpg.rf.fc0e911e0a69fabd911c08efb737f08c,0,0.0,38.241172790527344,639.0,38.241172790527344,639.0,587.7588500976562,0.0,587.7588500976562,
pathologicalimage003_png_jpg.rf.fd7a2de92ef1afb1068c34a41fa5d786,0,50.27449417114258,50.27449417114258,590.3921508789062,50.27449417114258,590.3921508789062,590.3921508789062,50.27449417114258,590.3921508789062,MAILTO:name@myemail.com
0870424758_jpg.rf.fb6040003e85eb429add71bd9b2d5167,0,383.1865234375,234.517822265625,498.8134765625,234.517822265625,498.8134765625,386.1488342285156,383.1865234375,386.1488342285156,
0197967937_jpg.rf.fef6f325202937a8e3fa920524c1dd1c,,,,,,,,,,
curvedimage009_jpg.rf.fea6234b484196136061a20bc3c8c064,0,214.51007080078125,145.50494384765625,405.48992919921875,145.50494384765625,405.48992919921875,394.49505615234375,214.51007080078125,394.49505615234375,http://albtsn.com/ugtezn8
4039311821_jpg.rf.fd7a4245769c8e8ab0315ecd63f5d4db,0,2.2730178833007812,0.0,293.72698974609375,0.0,293.72698974609375,343.5236511230469,2.2730178833007812,343.5236511230469,
rotationsimage020_jpg.rf.fc16c4eaccafc8e43e6768d10bac8e3b,0,358.8113708496094,356.77679443359375,508.38861083984375,356.77679443359375,508.38861083984375,479.6231994628906,358.8113708496094,479.6231994628906,
rotationsimage020_jpg.rf.fc16c4eaccafc8e43e6768d10bac8e3b,1,456.758056640625,257.929443359375,578.4419555664062,257.929443359375,578.4419555664062,355.6705627441406,456.758056640625,355.6705627441406,
rotationsimage020_jpg.rf.fc16c4eaccafc8e43e6768d10bac8e3b,2,121.09135437011719,184.23570251464844,353.90863037109375,184.23570251464844,353.90863037109375,362.7642822265625,121.09135437011719,362.7642822265625,
IMG_20220602_172131_jpg.rf.ffc84cc7c1352ed03b33547b70758462,,,,,,,,,,
3861973743_jpg.rf.fe3a9ad6327ff897074bfb3e15e15754,0,327.8639221191406,123.79913330078125,543.1360473632812,123.79913330078125,543.1360473632812,375.20086669921875,327.8639221191406,375.20086669921875,
4413992286_jpg.rf.fbb561f70ec4a860cc16cddf902be5e9,,,,,,,,,,
5215470014_jpg.rf.fdf3d153b20058359bf45dba1c33d2b4,0,142.72894287109375,223.497314453125,341.27105712890625,223.497314453125,341.27105712890625,458.502685546875,142.72894287109375,458.502685546875,
5215470014_jpg.rf.fdf3d153b20058359bf45dba1c33d2b4,1,317.41680908203125,497.9342346191406,387.3832092285156,497.9342346191406,387.3832092285156,586.0657958984375,317.41680908203125,586.0657958984375,
nominalimage006_jpg.rf.fe77323990c5b1cdb0436fbdfb4a1f40,0,293.42071533203125,102.6205062866211,602.5792846679688,102.6205062866211,602.5792846679688,625.3795166015625,293.42071533203125,625.3795166015625,
4010984571_jpg.rf.feb8072c66ac6d313838cc302cd37c96,,,,,,,,,,
3614047133_jpg.rf.fd9488ffd72fc6b3215f7dce67edb0f7,0,166.13182067871094,178.41017150878906,475.8681640625,178.41017150878906,475.8681640625,410.9231872558594,166.13182067871094,410.9231872558594,
high_versionimage027_jpg.rf.fd9747c9011d7d3c2ff6b7400c859108,0,76.83908081054688,58.423797607421875,580.1609497070312,58.423797607421875,580.1609497070312,538.5762329101562,76.83908081054688,538.5762329101562,
brightnessimage026_jpg.rf.ff7b001552c866cfeaf76e366dbafc31,0,398.6451110839844,378.95458984375,506.3548889160156,378.95458984375,506.3548889160156,459.04541015625,398.6451110839844,459.04541015625,Version 2 QR Code Test Image
brightnessimage026_jpg.rf.ff7b001552c866cfeaf76e366dbafc31,1,448.82989501953125,274.722412109375,539.1701049804688,274.722412109375,539.1701049804688,342.47760009765625,448.82989501953125,342.47760009765625,Version 1 QR
brightnessimage026_jpg.rf.ff7b001552c866cfeaf76e366dbafc31,2,147.9072265625,267.0976257324219,325.0927734375,267.0976257324219,325.0927734375,397.9023742675781,147.9072265625,397.9023742675781,
3962673325_jpg.rf.fef3891228690f7fd4b0a6f2479e4ce6,,,,,,,,,,
IMG_20220601_164118_jpg.rf.fdd0ba527eb185f4e78cdca5355ded0c,,,,,,,,,,
3412263283_jpg.rf.548f3b42852953993d1d996ca56ce17b,,,,,,,,,,
3424245467_jpg.rf.546f13224c3193575d31eb864569b06d,0,375.25689697265625,292.004150390625,541.7431030273438,292.004150390625,541.7431030273438,537.995849609375,375.25689697265625,537.995849609375,http://yk-m.jp/detail.php?pro=65988&per=1&qrcode=1
5146248164_jpg.rf.5a2f4a7f02e96faa495009f274ef19ad,0,262.0819396972656,143.97801208496094,363.9180603027344,143.97801208496094,363.9180603027344,277.02197265625,262.0819396972656,277.02197265625,http://r.beetagg.com/?4710B1
5146248164_jpg.rf.5a2f4a7f02e96faa495009f274ef19ad,1,87.98075103759766,144.3367919921875,188.0192413330078,144.3367919921875,188.0192413330078,276.9965515136719,87.98075103759766,276.9965515136719,http://r.beetagg.com/?4710D1
5146248164_jpg.rf.5a2f4a7f02e96faa495009f274ef19ad,2,440.3362121582031,146.05979919433594,541.6637573242188,146.05979919433594,541.6637573242188,279.9402160644531,440.3362121582031,279.9402160644531,http://r.beetagg.com/?4710E1
pathologicalimage023_png_jpg.rf.5aec73e30cd161153bdf8be54d55a9a8,0,29.32213592529297,29.32213592529297,610.6778564453125,29.32213592529297,610.6778564453125,610.6778564453125,29.32213592529297,610.6778564453125,
4910219202_jpg.rf.5732bdfb096ca05bb50a84321cd2126b,0,526.4032592773438,220.7954559326172,612.7967529296875,220.7954559326172,612.7967529296875,354.404541015625,526.4032592773438,354.404541015625,
4208186509_jpg.rf.54edd1f31f217efcdc632ed127068df7,0,33.13004684448242,230.32046508789062,206.8699493408203,230.32046508789062,206.8699493408203,461.6795349121094,33.13004684448242,461.6795349121094,http://www.youtube.com/watch?v=BLutES53Rek
4438446960_jpg.rf.53ee945c8a858314dafd94487bda9c23,0,156.42459106445312,457.17333984375,266.7754211425781,457.17333984375,266.7754211425781,585.2266845703125,156.42459106445312,585.2266845703125,
pathologicalimage017_png_jpg.rf.5599e5bc7eb45ed96503866d3a8c2547,0,31.062530517578125,31.063865661621094,604.9375,31.063865661621094,604.9375,606.9361572265625,31.062530517578125,606.9361572265625,MAILTO:name@myemail.com
IMG_20220530_165034_jpg.rf.58a66a5b5cdb470a8e025fd08749f53a,,,,,,,,,,
3360041578_jpg.rf.55a4754f9ebe8aa56a88f8a523b54187,0,156.9676971435547,62.725650787353516,323.03228759765625,62.725650787353516,323.03228759765625,290.27435302734375,156.9676971435547,290.27435302734375,URL:http://www.cityofmanor.org/smartcodes/jlpark.html
4849538186_jpg.rf.57a8a981c76b0ecf10fb49d33205bfd1,,,,,,,,,,
glareimage041_jpg.rf.5a7629f68c15071aeca2bef8d84083ec,,,,,,,,,,
3650328011_jpg.rf.579ce9c69ba1318a6918e45da6af5ccc,0,551.3260498046875,392.3891296386719,599.8739013671875,392.3891296386719,599.8739013671875,465.2108459472656,551.3260498046875,465.2108459472656,http://semapedia.org/v/Urban_decay
blurredimage001_jpg.rf.58fea70bcc1fae7639331fa59b132971,0,269.9606628417969,118.82994842529297,616.0393676757812,118.82994842529297,616.0393676757812,639.0,269.9606628417969,639.0,
IMG_20220601_162629_jpg.rf.58f4472ed7e41e9fe6b7bf35f5d3d613,,,,,,,,,,
4556_W4wgZw7eB_jpg.rf.59dff88d16c3a3adc505bedbe2484c68,0,266.43743896484375,220.29495239257812,401.9625549316406,220.29495239257812,401.9625549316406,316.50506591796875,266.43743896484375,316.50506591796875,http://lubes.id/191/W4wgZw7eB
1439079783_jpg.rf.592089a498a36680db93a9df990864b1,,,,,,,,,,
shadowsimage003_jpg.rf.58ffb09c44e590e1977218c206f057ff,0,399.0995788574219,278.6579895019531,555.5670776367188,278.6579895019531,555.5670776367188,396.0086669921875,399.0995788574219,396.0086669921875,Version 2 QR Code Test Image
shadowsimage003_jpg.rf.58ffb09c44e590e1977218c206f057ff,1,452.3547058105469,112.01079559326172,594.645263671875,112.01079559326172,594.645263671875,216.98919677734375,452.3547058105469,216.98919677734375,Version 1 QR
shadowsimage003_jpg.rf.58ffb09c44e590e1977218c206f057ff,2,18.115882873535156,115.4466323852539,273.8841247558594,115.4466323852539,273.8841247558594,319.5533752441406,18.115882873535156,319.5533752441406,
v2Website_png_jpg.rf.57362be4365a6668bacb19aa4cade280,0,22.489181518554688,22.489181518554688,613.5108032226562,22.489181518554688,613.5108032226562,613.5108032226562,22.489181518554688,613.5108032226562,http://www.mywebsite.com/?parameter=TEST%20CASE&secondparmeter=secondtest
v3Twitter_png_jpg.rf.5711ccfc0d42809a8a8a7f8796057c5e,0,22.489181518554688,22.489181518554688,613.5108032226562,22.489181518554688,613.5108032226562,613.5108032226562,22.489181518554688,613.5108032226562,http://twitter.com/home?status=I+love+QR+Codes+on+my+Business+Cards
5108412472_jpg.rf.596bad6dedfc3a7d071436fedf7dabac,0,369.2074890136719,294.0924987792969,439.99249267578125,294.0924987792969,439.99249267578125,392.7074890136719,369.2074890136719,392.7074890136719,http://bit.ly/BRDU2010Schedule?r=qr
2595337514_jpg.rf.59dcd4d3b1c4db34c5c76a4563ef8109,0,249.365234375,322.5513610839844,312.2347717285156,322.5513610839844,312.2347717285156,369.04864501953125,249.365234375,369.04864501953125,http://japan.linkbox.eu
3738757335_jpg.rf.56ac843113baa3a6cf2f8049fbd5e0fe,0,118.5490951538086,103.14879608154297,467.4508972167969,103.14879608154297,467.4508972167969,550.8511962890625,118.5490951538086,550.8511962890625,http://9.msite.tv/qr1
4787848106_jpg.rf.590eceaed634d4e2a625b591ff56c43e,0,498.5424499511719,485.4841613769531,639.0,485.4841613769531,639.0,602.5158081054688,498.5424499511719,602.5158081054688,
5243919531_jpg.rf.5790a0b622f9a27670cfd3e47a867bc7,,,,,,,,,,
curvedimage023_jpg.rf.5b1d9ad04d95b2bf43b704861fba77ef,0,121.62039184570312,67.57333374023438,506.3796081542969,67.57333374023438,506.3796081542969,418.4266662597656,121.62039184570312,418.4266662597656,
curvedimage023_jpg.rf.5b1d9ad04d95b2bf43b704861fba77ef,1,228.2488250732422,449.344970703125,447.7511901855469,449.344970703125,447.7511901855469,606.655029296875,228.2488250732422,606.655029296875,
4419481095_jpg.rf.5c04807772bc9d5363e411859c7eaf4c,,,,,,,,,,
5111237485_jpg.rf.5c2b5e10d6dcb71e4309367625445baa,,,,,,,,,,
IMG_20220602_155956_jpg.rf.5c4426cc5b21c55339e4c99adee64458,0,328.8501281738281,423.00445556640625,408.3498840332031,423.00445556640625,408.3498840332031,484.5955505371094,328.8501281738281,484.5955505371094,
high_versionimage017_jpg.rf.5c7ac99acbc0215c7fe0ac11e036d564,0,84.13264465332031,98.0779800415039,529.8673706054688,98.0779800415039,529.8673706054688,542.9219970703125,84.13264465332031,542.9219970703125,
curvedimage007_jpg.rf.5d103cf0370a1484355da15c0cdf2be9,0,203.61251831054688,256.3926086425781,493.3874816894531,256.3926086425781,493.3874816894531,533.607421875,203.61251831054688,533.607421875,http://www.sunmaid.com/book
0425606995_jpg.rf.5ba195ed7ee78a77920c9416c4902f64,0,318.2787170410156,185.95993041992188,468.9212951660156,185.95993041992188,468.9212951660156,393.64007568359375,318.2787170410156,393.64007568359375,
3704595657_jpg.rf.5c18d54626b648961a0519a4f71232d5,0,0.0,326.553955078125,200.25067138671875,326.553955078125,200.25067138671875,577.446044921875,0.0,577.446044921875,
1647_U7VNhhswC_jpg.rf.5c6468490850c4526ea2b2e7d061950b,0,78.14593505859375,35.456748962402344,597.8540649414062,35.456748962402344,597.8540649414062,512.5432739257812,78.14593505859375,512.5432739257812,http://www.lubes.id/197/U7VNhhswC
3892245802_jpg.rf.5b39787180aba3227729ce2a98366ab4,0,183.87515258789062,220.84326171875,255.12484741210938,220.84326171875,255.12484741210938,298.15673828125,183.87515258789062,298.15673828125,
3098688314_jpg.rf.5c72594d973d4dce0f4e6517e30ad49c,0,249.15963745117188,195.98988342285156,340.8403625488281,195.98988342285156,340.8403625488281,328.0101318359375,249.15963745117188,328.0101318359375,
rotationsimage016_jpg.rf.5e504fdd379e32f61ba4b77b7b1e2e36,0,190.14706420898438,348.48260498046875,313.8529357910156,348.48260498046875,313.8529357910156,444.3173828125,190.14706420898438,444.3173828125,Version 2 QR Code Test Image
rotationsimage016_jpg.rf.5e504fdd379e32f61ba4b77b7b1e2e36,1,361.2628173828125,396.0329284667969,461.7371826171875,396.0329284667969,461.7371826171875,474.9670715332031,361.2628173828125,474.9670715332031,Version 1 QR
rotationsimage016_jpg.rf.5e504fdd379e32f61ba4b77b7b1e2e36,2,299.76959228515625,162.25381469726562,481.23040771484375,162.25381469726562,481.23040771484375,297.7461853027344,299.76959228515625,297.7461853027344,
4864066718_jpg.rf.5baa5bb0151ea2bf21be7d63b2e7b12b,0,354.1359558105469,417.637939453125,400.2640380859375,417.637939453125,400.2640380859375,498.362060546875,354.1359558105469,498.362060546875,http://www.kinogeschichte.at/weg/2.htm
3813075372_jpg.rf.5d3be1c42db87b409b866eb4fc1393fe,0,78.7661361694336,59.76127243041992,435.2338562011719,59.76127243041992,435.2338562011719,328.2387390136719,78.7661361694336,328.2387390136719,HTTP://R.BEETAGG.COM/?41V0T1
2425729926_jpg.rf.5c665636ad4b3f147300372a6dd61905,0,220.34429931640625,167.6011962890625,433.65570068359375,167.6011962890625,433.65570068359375,434.3988037109375,220.34429931640625,434.3988037109375,
2425729926_jpg.rf.5c665636ad4b3f147300372a6dd61905,1,34.812461853027344,188.02005004882812,266.1875305175781,188.02005004882812,266.1875305175781,476.9799499511719,34.812461853027344,476.9799499511719,
2869227993_jpg.rf.5ea7a421a594e1628ca6789ecd427927,0,315.25701904296875,173.22610473632812,412.74298095703125,173.22610473632812,412.74298095703125,236.77389526367188,315.25701904296875,236.77389526367188,
glareimage013_jpg.rf.5cb43e2df4371442c50f393c74663aca,0,208.57168579101562,329.4022216796875,362.6283264160156,329.4022216796875,362.6283264160156,458.5978088378906,208.57168579101562,458.5978088378906,
IMG_20220529_154548_jpg.rf.5b00f3c6a328ebca035fcb2061893c46,,,,,,,,,,
4413934670_jpg.rf.5e9216d72a04d53e70c2484b378ae2fa,0,253.9465789794922,210.5875701904297,402.05340576171875,210.5875701904297,402.05340576171875,299.41241455078125,253.9465789794922,299.41241455078125,
damagedimage013_jpg.rf.5e51735d66b0b6e4626e6e6b32a2874c,0,68.42822265625,75.85895538330078,537.57177734375,75.85895538330078,537.57177734375,578.1410522460938,68.42822265625,578.1410522460938,
pathologicalimage001_png_jpg.rf.5e0a058082e24270c40ec958bbc4b0ce,0,41.39638137817383,41.39638137817383,599.270263671875,41.39638137817383,599.270263671875,599.270263671875,41.39638137817383,599.270263671875,MAILTO:name@myemail.com
blurredimage034_jpg.rf.5f4f858542ba0df58e177c20378dc3f6,0,0.0,30.344970703125,622.5773315429688,30.344970703125,622.5773315429688,639.0,0.0,639.0,
3316791788_jpg.rf.5ee7fc3faf4fe8ed32b957bed3577898,0,481.43212890625,396.7320861816406,565.7678833007812,396.7320861816406,565.7678833007812,525.2679443359375,481.43212890625,525.2679443359375,dmj@domonet.jp          
rotationsimage040_jpg.rf.5eafb39a278793b80f277d24a6135c6d,0,158.58380126953125,389.8448181152344,360.41619873046875,389.8448181152344,360.41619873046875,546.1551513671875,158.58380126953125,546.1551513671875,
rotationsimage040_jpg.rf.5eafb39a278793b80f277d24a6135c6d,1,394.495849609375,371.53216552734375,575.504150390625,371.53216552734375,575.504150390625,514.4678344726562,394.495849609375,514.4678344726562,
rotationsimage040_jpg.rf.5eafb39a278793b80f277d24a6135c6d,2,228.4500732421875,185.60888671875,432.5499267578125,185.60888671875,432.5499267578125,425.39111328125,228.4500732421875,425.39111328125,
rotationsimage018_jpg.rf.5ee51e66a0fed4eaad6c196602799562,0,183.45196533203125,134.11830139160156,451.54803466796875,134.11830139160156,451.54803466796875,347.8817138671875,183.45196533203125,347.8817138671875,ABC 123456789 ABC 123456789 ABC 123456789 ABC 123456789 ABC 123456789 ABC 123456789 ABC 123456789 ABC 123456789 ABC 123456789 ABC 123456789 ABC 123456789 ABC 123456789 ABC 123456789 ABC 123456789 ABC 123456789
rotationsimage018_jpg.rf.5ee51e66a0fed4eaad6c196602799562,1,258.36322021484375,375.614501953125,426.8367614746094,375.614501953125,426.8367614746094,517.9854736328125,258.36322021484375,517.9854736328125,
rotationsimage018_jpg.rf.5ee51e66a0fed4eaad6c196602799562,2,432.585693359375,339.24951171875,579.414306640625,339.24951171875,579.414306640625,465.75048828125,432.585693359375,465.75048828125,Version 1 QR
2333091729_jpg.rf.5c121719687b9077947c8b39f27f55eb,,,,,,,,,,
rotationsimage003_jpg.rf.615a9f8afaf06da601d077795b452649,0,403.9800720214844,275.97406005859375,576.0199584960938,275.97406005859375,576.0199584960938,423.3592529296875,403.9800720214844,423.3592529296875,Version 2 QR Code Test Image
rotationsimage003_jpg.rf.615a9f8afaf06da601d077795b452649,1,331.8294372558594,173.8252410888672,478.1705627441406,173.8252410888672,478.1705627441406,300.17474365234375,331.8294372558594,300.17474365234375,Version 1 QR
rotationsimage003_jpg.rf.615a9f8afaf06da601d077795b452649,2,76.89833068847656,286.9257507324219,361.1016540527344,286.9257507324219,361.1016540527344,517.0742797851562,76.89833068847656,517.0742797851562,
high_versionimage031_jpg.rf.60f5241dd84f8110f889930f0e1f57a4,0,94.23004913330078,94.23004913330078,544.7699584960938,94.23004913330078,544.7699584960938,544.7699584960938,94.23004913330078,544.7699584960938,
2870054594_jpg.rf.6035d3d36b32d32866a43d2557d85a5e,0,135.60678100585938,216.29335021972656,498.3932189941406,216.29335021972656,498.3932189941406,425.7066650390625,135.60678100585938,425.7066650390625,
2237262754_jpg.rf.625473394fb7016b7cce184cd01c3179,0,228.61180114746094,221.89334106445312,322.3882141113281,221.89334106445312,322.3882141113281,346.1066589355469,228.61180114746094,346.1066589355469,www.tagmore.com/esmadrid
3346775330_jpg.rf.604deb22111c36365e12a9d50d62b8aa,0,10.389324188232422,573.3540649414062,56.27734375,573.3540649414062,56.27734375,636.6459350585938,10.389324188232422,636.6459350585938,HTTP://TMORE.MOBI/MM574IO
4957719411_jpg.rf.640c6a9a0fb392014b2dbdd9bd2c8619,0,231.18849182128906,274.9430236816406,407.8115234375,274.9430236816406,407.8115234375,485.0569763183594,231.18849182128906,485.0569763183594,http://www.asusbamboo.com
2780890639_jpg.rf.621ac9ac271526d7f5f22b251115b02a,0,267.70220947265625,46.228111267089844,422.29779052734375,46.228111267089844,422.29779052734375,260.7718811035156,267.70220947265625,260.7718811035156,URL:http://www.cityofmanor.org/smartcodes/jlpark.html
IMG_20220530_143655_jpg.rf.62bab70cc07af8572dcbecefb0b30551,,,,,,,,,,
bright_spotsimage031_jpg.rf.5f8faecf5640b35c65d7cc3d597c7672,,,,,,,,,,
3412284039_jpg.rf.635d34a72e4a7538a500e1a6651f3df8,,,,,,,,,,
IMG_20220602_155619_jpg.rf.61058a100caed54a1615bf6126cb81c2,0,266.0696105957031,468.9236755371094,355.9303894042969,468.9236755371094,355.9303894042969,543.0763549804688,266.0696105957031,543.0763549804688,
4001781698_jpg.rf.617ad539e3b916a814e6ae962e619a46,0,467.79925537109375,191.6785125732422,593.000732421875,191.6785125732422,593.000732421875,369.521484375,467.79925537109375,369.521484375,
bright_spotsimage030_jpg.rf.64017a531c91208b20617d17c3e74e53,,,,,,,,,,
4071137667_jpg.rf.649f93104881e263f26cbebebdb4a9c3,,,,,,,,,,
IMG_20220529_144618_jpg.rf.5ff514d6c0d4ae31275066e6d51005ee,,,,,,,,,,
3480330343_jpg.rf.65359cb111b9ea3014d5495b952dafa6,0,33.552490234375,454.4115905761719,132.447509765625,454.4115905761719,132.447509765625,582.58837890625,33.552490234375,582.58837890625,http://www.bath.ac.uk/barcodes/
rotationsimage034_jpg.rf.64fb272bb42037917c6e1a44c697c389,0,341.2154235839844,273.7811584472656,578.117919921875,273.7811584472656,578.117919921875,406.2188415527344,341.2154235839844,406.2188415527344,
rotationsimage034_jpg.rf.64fb272bb42037917c6e1a44c697c389,1,55.679405212402344,314.41461181640625,189.92059326171875,314.41461181640625,189.92059326171875,395.1853942871094,55.679405212402344,395.1853942871094,
rotationsimage034_jpg.rf.64fb272bb42037917c6e1a44c697c389,2,130.6027069091797,214.165283203125,260.9972839355469,214.165283203125,260.9972839355469,286.2347106933594,130.6027069091797,286.2347106933594,
high_versionimage029_jpg.rf.614710d9490781f96fa7af7b8afeb679,,,,,,,,,,
2237317748_jpg.rf.64657eed099ee4facf5798747adec3a5,0,78.56309509277344,321.72509765625,140.63690185546875,321.72509765625,140.63690185546875,401.07489013671875,78.56309509277344,401.07489013671875,www.tagmore.com/esmadrid
nominalimage023_jpg.rf.6421c7be1cb423d317346368a8d3bfc4,0,214.58401489257812,198.92068481445312,486.4159851074219,198.92068481445312,486.4159851074219,586.0792846679688,214.58401489257812,586.0792846679688,
4296288417_jpg.rf.6436567e16c9386e5f0070f62d90fa1f,0,248.8562469482422,326.01544189453125,358.1437683105469,326.01544189453125,358.1437683105469,470.98455810546875,248.8562469482422,470.98455810546875,http://labanex.mobi/
brightnessimage006_jpg.rf.653248a0ae6d34c2398bd4409cb45428,0,393.5975036621094,374.8501892089844,500.4024963378906,374.8501892089844,500.4024963378906,453.8164978027344,393.5975036621094,453.8164978027344,Version 2 QR Code Test Image
brightnessimage006_jpg.rf.653248a0ae6d34c2398bd4409cb45428,1,441.3973083496094,268.74163818359375,532.6026611328125,268.74163818359375,532.6026611328125,336.85833740234375,441.3973083496094,336.85833740234375,Version 1 QR
brightnessimage006_jpg.rf.653248a0ae6d34c2398bd4409cb45428,2,138.57994079589844,261.7235412597656,318.4200439453125,261.7235412597656,318.4200439453125,394.2764587402344,138.57994079589844,394.2764587402344,
3346833848_jpg.rf.655dde51509999979251dc838518df53,,,,,,,,,,
IMG_20220604_164224_jpg.rf.5faae2514d1613be9234c2e46d81d227,,,,,,,,,,
IMG_20220604_165213_jpg.rf.655f7b26106a9b888b67f46c66cf8ffa,,,,,,,,,,
nominalimage014_jpg.rf.65d37a18d107307460d74a85d9da15d6,0,159.16763305664062,226.96180725097656,340.8323669433594,226.96180725097656,340.8323669433594,431.0382080078125,159.16763305664062,431.0382080078125,
0530514402_jpg.rf.65d37481468b80a4bcdba216895a5c9c,0,83.25001525878906,121.79570770263672,396.75,121.79570770263672,396.75,566.2042846679688,83.25001525878906,566.2042846679688,
0460681372_jpg.rf.65ea06b70e5ebca3a0adfe00e06358f5,0,140.7015380859375,110.1245346069336,565.2984619140625,110.1245346069336,565.2984619140625,429.8754577636719,140.7015380859375,429.8754577636719,2021200000
curvedimage035_jpg.rf.60fc0b916469747b9e7078b5b28041cd,0,223.3616180419922,301.1321716308594,396.6383972167969,301.1321716308594,396.6383972167969,431.8678283691406,223.3616180419922,431.8678283691406,"æ­£å®éè§é³è¶å¶ ä¹åä¹è¶ 
http://detail.tmall.com/item.htm?id=13996190738"
damagedimage033_jpg.rf.660018742ceff9ad603eb888cecfcf4b,0,20.287109375,0.0,619.712890625,0.0,619.712890625,588.77587890625,20.287109375,588.77587890625,
2512144531_jpg.rf.669b6287937fd281e2983cb9f1ee04f1,0,238.8418426513672,182.20213317871094,399.15814208984375,182.20213317871094,399.15814208984375,423.7978515625,238.8418426513672,423.7978515625,
damagedimage015_jpg.rf.67324d495632b68879e9f535a97ce4eb,0,154.0299072265625,139.7683868408203,479.9700927734375,139.7683868408203,479.9700927734375,454.23162841796875,154.0299072265625,454.23162841796875,
IMG_20220604_164456_jpg.rf.68255d9ab6172ca3a358f155a5184ab0,,,,,,,,,,
high_versionimage002_jpg.rf.6a02db5b441d1c9228b03961073c3abe,0,33.08696746826172,26.815715789794922,571.9130249023438,26.815715789794922,571.9130249023438,556.1842651367188,33.08696746826172,556.1842651367188,
closeimage005_jpg.rf.6788054df5ce076735c5bf46caabb265,0,4.320060729980469,74.62287902832031,639.0,74.62287902832031,639.0,613.3771362304688,4.320060729980469,613.3771362304688,
3362030576_jpg.rf.67c6e4728cca3c51580775a58e7af4e8,,,,,,,,,,
3413053542_jpg.rf.6958612d0615edebd877b83e6b83be56,0,95.80543518066406,224.52442932128906,298.194580078125,224.52442932128906,298.194580078125,534.4755859375,95.80543518066406,534.4755859375,
2708471549_jpg.rf.66729d8632b8d9fcccdc9a748595fa3a,0,220.74847412109375,18.783653259277344,401.25152587890625,18.783653259277344,401.25152587890625,244.21633911132812,220.74847412109375,244.21633911132812,
2942573322_jpg.rf.68f2df26619566d551cb476fbbec69b9,0,262.3089904785156,303.048583984375,383.6910095214844,303.048583984375,383.6910095214844,454.951416015625,262.3089904785156,454.951416015625,
IMG_20220602_172032_jpg.rf.687174bef12a56b90aaab45e378f4930,0,272.9075622558594,490.93499755859375,333.0924377441406,490.93499755859375,333.0924377441406,535.0650024414062,272.9075622558594,535.0650024414062,https://linktr.ee/colchetescafe
pathologicalimage016_png_jpg.rf.68ab5873b3aa85d6ecf60a562e31ef4c,0,31.062530517578125,31.063865661621094,604.9375,31.063865661621094,604.9375,606.9361572265625,31.062530517578125,606.9361572265625,MAILTO:name@myemail.com
blurredimage033_jpg.rf.6a0c45a698fa960e0a563935a7f0ea63,0,128.66915893554688,197.39878845214844,463.9975280761719,197.39878845214844,463.9975280761719,456.6012268066406,128.66915893554688,456.6012268066406,
IMG_20220602_172127_jpg.rf.692243228afe1d28846fd6cfd74fdf50,,,,,,,,,,
4008166286_jpg.rf.6b19e3ff67701c2f91ef452f49149e2f,0,211.6134490966797,241.38658142089844,288.3865661621094,241.38658142089844,288.3865661621094,366.6134033203125,211.6134490966797,366.6134033203125,
0336906244_jpg.rf.686a80fe37b9fb3f9833d83d587f85af,0,108.83686828613281,206.98797607421875,297.1631164550781,206.98797607421875,297.1631164550781,465.01202392578125,108.83686828613281,465.01202392578125,http://semapedia.org/v/User:KaurJmeb
2352421045_jpg.rf.694ddcdf74ce58bc47504f27b88b5689,,,,,,,,,,
pathologicalimage021_png_jpg.rf.6b651bd8b75e14cde4404eef138a5eff,0,30.51824951171875,30.51824951171875,607.4817504882812,30.51824951171875,607.4817504882812,607.4817504882812,30.51824951171875,607.4817504882812,MAILTO:name@myemail.com
high_versionimage012_jpg.rf.6a1437cd368c832272440c937601dd63,0,23.884918212890625,22.308637619018555,610.1150512695312,22.308637619018555,610.1150512695312,624.3580322265625,23.884918212890625,624.3580322265625,
4848390238_jpg.rf.68c46f2d453affd4e81100ab768be70a,0,268.57427978515625,229.0747528076172,388.2257385253906,229.0747528076172,388.2257385253906,386.92523193359375,268.57427978515625,386.92523193359375,http://ckj.mobi/f102
2078613193_jpg.rf.6b59f24ee0b0428d80f8039e4d85e1cc,,,,,,,,,,
brightnessimage017_jpg.rf.6b0cb6e9e75a08d05b174d406a7c8af9,,,,,,,,,,
3885669123_jpg.rf.6b36658611bfdf8ab2bc1cfc1b27b6eb,0,214.31773376464844,233.8701934814453,386.6822509765625,233.8701934814453,386.6822509765625,350.1297912597656,214.31773376464844,350.1297912597656,
brightnessimage028_jpg.rf.6a06412d5a4109a0d87a05205ddc2bac,0,391.1028137207031,373.486572265625,496.8971862792969,373.486572265625,496.8971862792969,452.513427734375,391.1028137207031,452.513427734375,
brightnessimage028_jpg.rf.6a06412d5a4109a0d87a05205ddc2bac,1,437.0824890136719,267.16845703125,528.9175415039062,267.16845703125,528.9175415039062,336.1648864746094,437.0824890136719,336.1648864746094,Version 1 QR
brightnessimage028_jpg.rf.6a06412d5a4109a0d87a05205ddc2bac,2,136.4423828125,262.31451416015625,315.5576171875,262.31451416015625,315.5576171875,394.885498046875,136.4423828125,394.885498046875,
4308332967_jpg.rf.6aa646ec29ab56f77c1c57c60a3166b2,,,,,,,,,,
perspectiveimage018_jpg.rf.6b373fd74b0b2d6b800855db562b467d,0,155.57742309570312,183.6981201171875,414.4225769042969,183.6981201171875,414.4225769042969,488.3018798828125,155.57742309570312,488.3018798828125,
damagedimage032_jpg.rf.6b830c5eea40b68db9c0c8d2ad8d6e7f,0,3.997222900390625,19.406280517578125,604.0028076171875,19.406280517578125,604.0028076171875,634.59375,3.997222900390625,634.59375,
5163653619_jpg.rf.6ba4f8407d6dbd6970811d08aad0daba,0,211.48114013671875,206.5347900390625,398.51885986328125,206.5347900390625,398.51885986328125,423.4652099609375,211.48114013671875,423.4652099609375,Joyeux anniversaire Hatim !
IMG_20220529_154121_jpg.rf.6bbeec2303a26a4db3d10a407c9287c5,,,,,,,,,,
3319418463_jpg.rf.6e71cb853ad7992a0463cf2e57fcbb1a,0,424.1437683105469,444.803955078125,573.8562622070312,444.803955078125,573.8562622070312,527.196044921875,424.1437683105469,527.196044921875,http://semapedia.org/v/Washington_Monument
1105_U72oYkT2C_jpg.rf.6c2ad671867d0c34cb61ccb29ae173d4,0,203.00970458984375,219.95361328125,406.3236389160156,219.95361328125,406.3236389160156,406.04638671875,203.00970458984375,406.04638671875,http://www.lubes.id/197/U72oYkT2C
4910229996_jpg.rf.6dab5ffda419f2d5c3fb2117fb6c12cd,0,292.89581298828125,227.35595703125,372.70416259765625,227.35595703125,372.70416259765625,349.0440368652344,292.89581298828125,349.0440368652344,http://twitter.com/home/?status=@thingfrankfurt+#atffm+#frankfurt+Ich+bin+gerade+
IMG_20220601_163652_jpg.rf.6eaff79a152e33b092e53697760c0b7a,,,,,,,,,,
2045952006_jpg.rf.6b8a608ad393f67f1444acc5fe8ea5f0,0,515.1934814453125,514.2645874023438,604.406494140625,514.2645874023438,604.406494140625,588.535400390625,515.1934814453125,588.535400390625,
3362030142_jpg.rf.6ffb19a57d6834de815ebf1bdac43e3a,,,,,,,,,,
5326665675_jpg.rf.6ee197695a7d4e4c40217c83df233a84,,,,,,,,,,
blurredimage016_jpg.rf.6b6d351dd9e082a43cf02616ace8b968,0,376.25103759765625,333.6749267578125,488.5489196777344,333.6749267578125,488.5489196777344,416.72509765625,376.25103759765625,416.72509765625,
blurredimage016_jpg.rf.6b6d351dd9e082a43cf02616ace8b968,1,103.75978088378906,213.34954833984375,298.240234375,213.34954833984375,298.240234375,356.65045166015625,103.75978088378906,356.65045166015625,
blurredimage016_jpg.rf.6b6d351dd9e082a43cf02616ace8b968,2,423.69415283203125,219.3163604736328,524.3058471679688,219.3163604736328,524.3058471679688,294.68365478515625,423.69415283203125,294.68365478515625,
2967445634_jpg.rf.6b8fda777ae418129d9667bdab0f6157,0,154.42222595214844,220.187255859375,339.5777587890625,220.187255859375,339.5777587890625,359.812744140625,154.42222595214844,359.812744140625,
3203904948_jpg.rf.7026f2baf17af1ffa64bed0d1d1a8b3f,0,12.42375659942627,48.1802978515625,393.5762634277344,48.1802978515625,393.5762634277344,565.1530151367188,12.42375659942627,565.1530151367188,
monitorimage008_jpg.rf.6c3bacf209f907e3f5ff2edd06c6f7c8,0,0.0,0.0,636.0313720703125,0.0,636.0313720703125,628.7086181640625,0.0,628.7086181640625,
5148588549_jpg.rf.6f42e1015caf9c64a78ae3da810f7bb9,0,381.648193359375,324.8625183105469,523.351806640625,324.8625183105469,523.351806640625,487.1374816894531,381.648193359375,487.1374816894531,
IMG_20220530_141512_jpg.rf.6f4aa295909256d3f3f525809898c9e4,,,,,,,,,,
IMG_20220602_171723_jpg.rf.6c3950380502833538b9ac4cc4092a9c,,,,,,,,,,
5082797987_jpg.rf.6e1b3431a952a969043919f7998ca55e,0,218.17831420898438,147.36036682128906,458.8216857910156,147.36036682128906,458.8216857910156,378.6396179199219,218.17831420898438,378.6396179199219,
4731341181_jpg.rf.6c4019b8e5aff25d8a761fa05670a336,0,404.7357177734375,113.61656188964844,543.2642822265625,113.61656188964844,543.2642822265625,334.3834228515625,404.7357177734375,334.3834228515625,
nominalimage019_jpg.rf.6f9d649859ad4119a6691f1a7b41e4cb,0,330.93841552734375,210.28466796875,393.06158447265625,210.28466796875,393.06158447265625,298.51531982421875,330.93841552734375,298.51531982421875,
perspectiveimage017_jpg.rf.7141b0823d4c43b08273a8c33513963c,0,153.72250366210938,180.70156860351562,414.2774963378906,180.70156860351562,414.2774963378906,485.2984313964844,153.72250366210938,485.2984313964844,
5036227559_jpg.rf.6fd690a2dfd3f36099159d1044f8c6f3,0,148.5730438232422,259.29388427734375,294.42694091796875,259.29388427734375,294.42694091796875,373.70611572265625,148.5730438232422,373.70611572265625,http://www.barcodeart.com
5036227559_jpg.rf.6fd690a2dfd3f36099159d1044f8c6f3,1,387.4081726074219,314.37451171875,550.5918579101562,314.37451171875,550.5918579101562,448.9588317871094,387.4081726074219,448.9588317871094,http://www.barcodeart.com
high_versionimage005_jpg.rf.6dd43b7bf1d56930de86562bce10c1bb,0,11.866571426391602,13.40068244934082,612.1334228515625,13.40068244934082,612.1334228515625,574.5993041992188,11.866571426391602,574.5993041992188,
nominalimage002_jpg.rf.7058669e42f70c83081c4cdc0e8c7f35,0,187.98472595214844,187.51235961914062,340.8152770996094,187.51235961914062,340.8152770996094,396.087646484375,187.98472595214844,396.087646484375,
IMG_20220529_154132_jpg.rf.6f57e9420472b8650e3fd4108e5a4da4,,,,,,,,,,
4220024243_jpg.rf.7099ef7d1fab2cb6b5da6269755c83ba,,,,,,,,,,
5083552158_jpg.rf.708a20686fedcf656ca44353e6ea695e,0,427.7613220214844,251.3379669189453,503.43865966796875,251.3379669189453,503.43865966796875,372.66204833984375,427.7613220214844,372.66204833984375,
4499071280_jpg.rf.713c52010d9fe3c92a86c7a66033c1a3,,,,,,,,,,
IMG_20220530_190401_jpg.rf.6eaf45715aac82e27a927e5c05bead54,,,,,,,,,,
3742911943_jpg.rf.6bf2936dac201d18f6c58481fc9b5d79,0,227.53269958496094,279.45465087890625,311.46728515625,279.45465087890625,311.46728515625,390.54534912109375,227.53269958496094,390.54534912109375,"Library 
1
0
1 
"
3742911943_jpg.rf.6bf2936dac201d18f6c58481fc9b5d79,1,148.57395935058594,160.48883056640625,234.42604064941406,160.48883056640625,234.42604064941406,274.51116943359375,148.57395935058594,274.51116943359375,Library 
3742911943_jpg.rf.6bf2936dac201d18f6c58481fc9b5d79,2,294.86383056640625,163.74122619628906,379.13616943359375,163.74122619628906,379.13616943359375,276.2587585449219,294.86383056640625,276.2587585449219,"1
0
1 
"
2928307961_jpg.rf.73e46b4a415f87f4fecc5446f5e301d5,,,,,,,,,,
nominalimage018_jpg.rf.73825ec84a7ec931c80757ac53427ebb,0,219.5971221923828,379.2774658203125,334.00286865234375,379.2774658203125,334.00286865234375,466.322509765625,219.5971221923828,466.322509765625,
nominalimage038_jpg.rf.71c2cf88670b46e39d4d3226e8a40cc4,0,249.55706787109375,245.50648498535156,352.4429626464844,245.50648498535156,352.4429626464844,323.1601867675781,249.55706787109375,323.1601867675781,http://weixin.qq.com/r/FnUnPxnE2kSlrV1c9yAE
2211131435_jpg.rf.71d0ba913c4d32737f8517c74fe5b22f,0,188.97084045410156,136.8505859375,371.0291748046875,136.8505859375,371.0291748046875,502.1494140625,188.97084045410156,502.1494140625,
perspectiveimage016_jpg.rf.71a8299263d2bb2c80cdeab18d25a824,,,,,,,,,,
nominalimage026_jpg.rf.71efee150c59a717b3e8417f92fe97de,0,159.9693603515625,350.5771179199219,295.0306396484375,350.5771179199219,295.0306396484375,451.4228820800781,159.9693603515625,451.4228820800781,0555506635839349055557
nominalimage026_jpg.rf.71efee150c59a717b3e8417f92fe97de,1,339.25360107421875,346.8431701660156,468.74639892578125,346.8431701660156,468.74639892578125,451.1568298339844,339.25360107421875,451.1568298339844,0555506635839349055557
4397684539_jpg.rf.7363ec5a78c3c6a2f157dec1e2357714,0,172.13975524902344,62.42708969116211,259.1935729980469,62.42708969116211,259.1935729980469,191.5729217529297,172.13975524902344,191.5729217529297,http://www.archiduchesse.com/qrcode/
3251665443_jpg.rf.716d52922d84bed3e12b623355fa1911,0,46.16550064086914,474.40472412109375,113.8344955444336,474.40472412109375,113.8344955444336,553.9952392578125,46.16550064086914,553.9952392578125,
3251665443_jpg.rf.716d52922d84bed3e12b623355fa1911,1,189.28305053710938,190.15736389160156,240.3169708251953,190.15736389160156,240.3169708251953,249.0426483154297,189.28305053710938,249.0426483154297,http://bit.ly/SqSe
brightnessimage019_jpg.rf.74b1860c15ab482c451c88b798882cd7,,,,,,,,,,
3314092400_jpg.rf.761bf05730f2fbb4824addd434e6ef4c,0,36.00850296020508,423.19549560546875,108.3915023803711,423.19549560546875,108.3915023803711,553.6044921875,36.00850296020508,553.6044921875,http://v.tigtags.com/mof/VjnygQ02aW4
shadowsimage005_jpg.rf.754e4f9f8ef61e4ea59bd5fb75f213d1,0,176.0054931640625,327.9888916015625,507.9945068359375,327.9888916015625,507.9945068359375,584.0111083984375,176.0054931640625,584.0111083984375,
lotsimage001_jpg.rf.750a41e5352a6b9b590aad4063b839c0,0,516.6575317382812,210.2120361328125,575.3424682617188,210.2120361328125,575.3424682617188,256.1879577636719,516.6575317382812,256.1879577636719,kooTEK
lotsimage001_jpg.rf.750a41e5352a6b9b590aad4063b839c0,1,104.95478820800781,224.06741333007812,149.84521484375,224.06741333007812,149.84521484375,258.73260498046875,104.95478820800781,258.73260498046875,New
lotsimage001_jpg.rf.750a41e5352a6b9b590aad4063b839c0,2,40.934288024902344,84.83262634277344,88.26570892333984,84.83262634277344,88.26570892333984,120.76737976074219,40.934288024902344,120.76737976074219,Test 03
lotsimage001_jpg.rf.750a41e5352a6b9b590aad4063b839c0,3,164.5943145751953,178.1026153564453,209.80569458007812,178.1026153564453,209.80569458007812,212.6973876953125,164.5943145751953,212.6973876953125,altoids
lotsimage001_jpg.rf.750a41e5352a6b9b590aad4063b839c0,4,457.4208068847656,197.48484802246094,515.7791748046875,197.48484802246094,515.7791748046875,245.3151397705078,457.4208068847656,245.3151397705078,
lotsimage001_jpg.rf.750a41e5352a6b9b590aad4063b839c0,5,322.5780944824219,218.9358673095703,380.62188720703125,218.9358673095703,380.62188720703125,266.66412353515625,322.5780944824219,266.66412353515625,
lotsimage001_jpg.rf.750a41e5352a6b9b590aad4063b839c0,6,499.2547302246094,254.81375122070312,558.3452758789062,254.81375122070312,558.3452758789062,301.58624267578125,499.2547302246094,301.58624267578125,
lotsimage001_jpg.rf.750a41e5352a6b9b590aad4063b839c0,7,533.6503295898438,164.2764892578125,592.7496337890625,164.2764892578125,592.7496337890625,211.7235107421875,533.6503295898438,211.7235107421875,
lotsimage001_jpg.rf.750a41e5352a6b9b590aad4063b839c0,8,365.6191711425781,275.88885498046875,422.78082275390625,275.88885498046875,422.78082275390625,321.71112060546875,365.6191711425781,321.71112060546875,
lotsimage001_jpg.rf.750a41e5352a6b9b590aad4063b839c0,9,440.5108337402344,242.60983276367188,498.68914794921875,242.60983276367188,498.68914794921875,289.7901611328125,440.5108337402344,289.7901611328125,
lotsimage001_jpg.rf.750a41e5352a6b9b590aad4063b839c0,10,354.9482727050781,128.63626098632812,413.45172119140625,128.63626098632812,413.45172119140625,176.1637420654297,354.9482727050781,176.1637420654297,hudson
lotsimage001_jpg.rf.750a41e5352a6b9b590aad4063b839c0,11,414.35504150390625,140.8177947998047,472.4449768066406,140.8177947998047,472.4449768066406,187.98220825195312,414.35504150390625,187.98220825195312,
lotsimage001_jpg.rf.750a41e5352a6b9b590aad4063b839c0,12,103.73514556884766,177.41781616210938,149.46485900878906,177.41781616210938,149.46485900878906,213.3822021484375,103.73514556884766,213.3822021484375,lalala
lotsimage001_jpg.rf.750a41e5352a6b9b590aad4063b839c0,13,223.7335968017578,83.39108276367188,270.26641845703125,83.39108276367188,270.26641845703125,119.4089126586914,223.7335968017578,119.4089126586914,New
lotsimage001_jpg.rf.750a41e5352a6b9b590aad4063b839c0,14,381.4861145019531,230.95556640625,439.71392822265625,230.95556640625,439.71392822265625,277.84442138671875,381.4861145019531,277.84442138671875,
lotsimage001_jpg.rf.750a41e5352a6b9b590aad4063b839c0,15,397.95501708984375,186.215087890625,456.04498291015625,186.215087890625,456.04498291015625,232.9849090576172,397.95501708984375,232.9849090576172,
lotsimage001_jpg.rf.750a41e5352a6b9b590aad4063b839c0,16,424.45635986328125,287.51190185546875,481.94366455078125,287.51190185546875,481.94366455078125,333.6880798339844,424.45635986328125,333.6880798339844,
lotsimage001_jpg.rf.750a41e5352a6b9b590aad4063b839c0,17,430.94830322265625,95.23652648925781,489.45172119140625,95.23652648925781,489.45172119140625,142.36346435546875,430.94830322265625,142.36346435546875,
lotsimage001_jpg.rf.750a41e5352a6b9b590aad4063b839c0,18,164.87777709960938,224.1026153564453,211.1222381591797,224.1026153564453,211.1222381591797,258.6973876953125,164.87777709960938,258.6973876953125,Words
lotsimage001_jpg.rf.750a41e5352a6b9b590aad4063b839c0,19,339.04901123046875,174.5330047607422,396.95098876953125,174.5330047607422,396.95098876953125,221.06698608398438,339.04901123046875,221.06698608398438,
lotsimage001_jpg.rf.750a41e5352a6b9b590aad4063b839c0,20,483.0528869628906,299.47125244140625,540.9471435546875,299.47125244140625,540.9471435546875,345.3287353515625,483.0528869628906,345.3287353515625,
lotsimage001_jpg.rf.750a41e5352a6b9b590aad4063b839c0,21,44.91498947143555,178.23489379882812,90.2850112915039,178.23489379882812,90.2850112915039,213.76510620117188,44.91498947143555,213.76510620117188,nEeeDeD
lotsimage001_jpg.rf.750a41e5352a6b9b590aad4063b839c0,22,307.3540344238281,263.87274169921875,364.2459716796875,263.87274169921875,364.2459716796875,310.12725830078125,307.3540344238281,310.12725830078125,
lotsimage001_jpg.rf.750a41e5352a6b9b590aad4063b839c0,23,246.09420776367188,353.8486328125,312.3057861328125,353.8486328125,312.3057861328125,411.7513732910156,246.09420776367188,411.7513732910156,
lotsimage001_jpg.rf.750a41e5352a6b9b590aad4063b839c0,24,224.79617309570312,177.23390197753906,270.8038330078125,177.23390197753906,270.8038330078125,212.36611938476562,224.79617309570312,212.36611938476562,kooTEK
lotsimage001_jpg.rf.750a41e5352a6b9b590aad4063b839c0,25,473.58123779296875,152.21646118164062,532.8187255859375,152.21646118164062,532.8187255859375,199.78353881835938,473.58123779296875,199.78353881835938,
lotsimage001_jpg.rf.750a41e5352a6b9b590aad4063b839c0,26,162.64450073242188,359.99749755859375,228.55551147460938,359.99749755859375,228.55551147460938,417.60247802734375,162.64450073242188,417.60247802734375,Test 02
lotsimage001_jpg.rf.750a41e5352a6b9b590aad4063b839c0,27,385.4300231933594,438.76611328125,452.5699768066406,438.76611328125,452.5699768066406,496.03387451171875,385.4300231933594,496.03387451171875,Test 03
lotsimage001_jpg.rf.750a41e5352a6b9b590aad4063b839c0,28,126.9470443725586,395.10748291015625,191.4529571533203,395.10748291015625,191.4529571533203,451.29254150390625,126.9470443725586,451.29254150390625,
lotsimage001_jpg.rf.750a41e5352a6b9b590aad4063b839c0,29,274.14410400390625,539.4695434570312,339.85589599609375,539.4695434570312,339.85589599609375,595.73046875,274.14410400390625,595.73046875,New
lotsimage001_jpg.rf.750a41e5352a6b9b590aad4063b839c0,30,182.00942993164062,484.5523986816406,247.590576171875,484.5523986816406,247.590576171875,541.4476318359375,182.00942993164062,541.4476318359375,
lotsimage001_jpg.rf.750a41e5352a6b9b590aad4063b839c0,31,218.79476928710938,450.958740234375,284.40521240234375,450.958740234375,284.40521240234375,507.4412536621094,218.79476928710938,507.4412536621094,
lotsimage001_jpg.rf.750a41e5352a6b9b590aad4063b839c0,32,228.54605102539062,512.26953125,293.4539489746094,512.26953125,293.4539489746094,568.5304565429688,228.54605102539062,568.5304565429688,Test 02
lotsimage001_jpg.rf.750a41e5352a6b9b590aad4063b839c0,33,311.407958984375,506.71429443359375,376.592041015625,506.71429443359375,376.592041015625,562.4857177734375,311.407958984375,562.4857177734375,Test
lotsimage001_jpg.rf.750a41e5352a6b9b590aad4063b839c0,34,301.9186706542969,444.43572998046875,368.0813293457031,444.43572998046875,368.0813293457031,501.9642639160156,301.9186706542969,501.9642639160156,bayleaf
lotsimage001_jpg.rf.750a41e5352a6b9b590aad4063b839c0,35,348.3938293457031,472.92041015625,414.4061584472656,472.92041015625,414.4061584472656,529.4796142578125,348.3938293457031,529.4796142578125,Enough
lotsimage001_jpg.rf.750a41e5352a6b9b590aad4063b839c0,36,136.4589385986328,456.6268005371094,201.1410675048828,456.6268005371094,201.1410675048828,513.3731689453125,136.4589385986328,513.3731689453125,
lotsimage001_jpg.rf.750a41e5352a6b9b590aad4063b839c0,37,255.1920166015625,416.5103454589844,322.00799560546875,416.5103454589844,322.00799560546875,473.8896484375,255.1920166015625,473.8896484375,
lotsimage001_jpg.rf.750a41e5352a6b9b590aad4063b839c0,38,292.6306457519531,382.4035949707031,359.3693542480469,382.4035949707031,359.3693542480469,439.59637451171875,292.6306457519531,439.59637451171875,
lotsimage001_jpg.rf.750a41e5352a6b9b590aad4063b839c0,39,163.87640380859375,131.23390197753906,208.52359008789062,131.23390197753906,208.52359008789062,166.36610412597656,163.87640380859375,166.36610412597656,Test 01
lotsimage001_jpg.rf.750a41e5352a6b9b590aad4063b839c0,40,226.27603149414062,270.1315002441406,270.9239807128906,270.1315002441406,270.9239807128906,303.0685119628906,226.27603149414062,303.0685119628906,Enough
lotsimage001_jpg.rf.750a41e5352a6b9b590aad4063b839c0,41,91.17244720458984,428.9305725097656,155.22755432128906,428.9305725097656,155.22755432128906,484.66943359375,91.17244720458984,484.66943359375,
lotsimage001_jpg.rf.750a41e5352a6b9b590aad4063b839c0,42,225.85531616210938,223.78359985351562,270.544677734375,223.78359985351562,270.544677734375,258.2164001464844,225.85531616210938,258.2164001464844,are
lotsimage001_jpg.rf.750a41e5352a6b9b590aad4063b839c0,43,224.9580078125,130.74072265625,269.84197998046875,130.74072265625,269.84197998046875,166.0592803955078,224.9580078125,166.0592803955078,Test 02
lotsimage001_jpg.rf.750a41e5352a6b9b590aad4063b839c0,44,106.29634094238281,270.25384521484375,150.503662109375,270.25384521484375,150.503662109375,304.1461486816406,106.29634094238281,304.1461486816406,Test 02
lotsimage001_jpg.rf.750a41e5352a6b9b590aad4063b839c0,45,43.53422546386719,131.7277069091797,88.86577606201172,131.7277069091797,88.86577606201172,167.4722900390625,43.53422546386719,167.4722900390625,hudson
lotsimage001_jpg.rf.750a41e5352a6b9b590aad4063b839c0,46,371.41717529296875,83.09677124023438,429.7828063964844,83.09677124023438,429.7828063964844,130.50323486328125,371.41717529296875,130.50323486328125,Test 03
lotsimage001_jpg.rf.750a41e5352a6b9b590aad4063b839c0,47,550.31689453125,119.26652526855469,610.4830932617188,119.26652526855469,610.4830932617188,165.53347778320312,550.31689453125,165.53347778320312,New
lotsimage001_jpg.rf.750a41e5352a6b9b590aad4063b839c0,48,102.8544921875,131.15267944335938,148.3455047607422,131.15267944335938,148.3455047607422,166.44732666015625,102.8544921875,166.44732666015625,bayleaf
lotsimage001_jpg.rf.750a41e5352a6b9b590aad4063b839c0,49,208.806884765625,388.5523986816406,275.193115234375,388.5523986816406,275.193115234375,445.4476013183594,208.806884765625,445.4476013183594,
lotsimage001_jpg.rf.750a41e5352a6b9b590aad4063b839c0,50,337.444580078125,410.48486328125,406.555419921875,410.48486328125,406.555419921875,468.71514892578125,337.444580078125,468.71514892578125,
lotsimage001_jpg.rf.750a41e5352a6b9b590aad4063b839c0,51,101.97348022460938,84.69413757324219,148.02651977539062,84.69413757324219,148.02651977539062,120.1058578491211,101.97348022460938,120.1058578491211,Enough
lotsimage001_jpg.rf.750a41e5352a6b9b590aad4063b839c0,52,171.9330596923828,422.8406677246094,238.0669403076172,422.8406677246094,238.0669403076172,479.9593200683594,171.9330596923828,479.9593200683594,
lotsimage001_jpg.rf.750a41e5352a6b9b590aad4063b839c0,53,265.2699279785156,479.0331115722656,330.7300720214844,479.0331115722656,330.7300720214844,535.3668823242188,265.2699279785156,535.3668823242188,
lotsimage001_jpg.rf.750a41e5352a6b9b590aad4063b839c0,54,198.98289489746094,325.97052001953125,265.4170837402344,325.97052001953125,265.4170837402344,383.2294921875,198.98289489746094,383.2294921875,
4512_W4vVKpWjB_jpg.rf.770a97da98e3022c0e9220236adeb26d,0,200.53526306152344,228.58343505859375,419.4647521972656,228.58343505859375,419.4647521972656,429.41656494140625,200.53526306152344,429.41656494140625,
2237242266_jpg.rf.776d004c14632446b4bcdd82ec19b873,,,,,,,,,,
pathologicalimage013_png_jpg.rf.74342740de4f00faf370aec1fb3a2fc3,0,30.51824951171875,30.51824951171875,607.4817504882812,30.51824951171875,607.4817504882812,607.4817504882812,30.51824951171875,607.4817504882812,MAILTO:name@myemail.com
5190236735_jpg.rf.77d434041195351c636f5e834d6ae530,0,145.12051391601562,132.0179443359375,496.8794860839844,132.0179443359375,496.8794860839844,397.9820556640625,145.12051391601562,397.9820556640625,
curvedimage001_png_jpg.rf.74c33abbf9f50aa5d319a7fb5da736bb,0,285.65032958984375,202.04295349121094,607.5496826171875,202.04295349121094,607.5496826171875,469.5570373535156,285.65032958984375,469.5570373535156,
high_versionimage001_jpg.rf.73f88e9bb12644d867ba793ac4bd13f7,0,5.516211032867432,7.480517387390137,619.2838134765625,7.480517387390137,619.2838134765625,590.5194702148438,5.516211032867432,590.5194702148438,
blurredimage043_jpg.rf.762ac7c5a752ca073b7a00a34f74bbaa,0,242.27987670898438,174.70523071289062,473.7201232910156,174.70523071289062,473.7201232910156,473.2947692871094,242.27987670898438,473.2947692871094,
IMG_20220601_164541_jpg.rf.7583d16a4c7823df3e59ad90440171e6,,,,,,,,,,
lotsimage006_jpg.rf.71bc7cea21d7c261f95f00c57413f182,,,,,,,,,,
rotationsimage021_jpg.rf.772c433a4d28b160d3d05bc30092d299,0,421.8480529785156,365.3382263183594,563.1519775390625,365.3382263183594,563.1519775390625,467.6617736816406,421.8480529785156,467.6617736816406,
rotationsimage021_jpg.rf.772c433a4d28b160d3d05bc30092d299,1,106.19523620605469,252.14097595214844,310.80474853515625,252.14097595214844,310.80474853515625,379.8590087890625,106.19523620605469,379.8590087890625,
rotationsimage021_jpg.rf.772c433a4d28b160d3d05bc30092d299,2,455.1337890625,265.2833251953125,565.8662109375,265.2833251953125,565.8662109375,328.7166748046875,455.1337890625,328.7166748046875,
4957192824_jpg.rf.74f73d06657d8329790ab2342f2d2558,0,82.91986083984375,467.8060607910156,125.88014221191406,467.8060607910156,125.88014221191406,525.7939453125,82.91986083984375,525.7939453125,
4747076605_jpg.rf.7491096403ebd3fb66facee25d11a939,0,289.88031005859375,314.0342712402344,368.786376953125,314.0342712402344,368.786376953125,436.6324157714844,289.88031005859375,436.6324157714844,http://projecttraction.com/mobile
closeimage032_jpg.rf.77e3ac4c28c0fd1199c6a6318ba3c58a,0,0.0,8.401657104492188,639.0,8.401657104492188,639.0,639.0,0.0,639.0,
2708469293_jpg.rf.77fcf79fa4a69c9cbf124ae347e713f6,0,257.5522766113281,312.46905517578125,354.0477294921875,312.46905517578125,354.0477294921875,439.1309509277344,257.5522766113281,439.1309509277344,http://www.city.kyoto.jp/kotsu/bls/m/203p1.shtm
2708469293_jpg.rf.77fcf79fa4a69c9cbf124ae347e713f6,1,259.7398376464844,178.02484130859375,357.2601623535156,178.02484130859375,357.2601623535156,308.97515869140625,259.7398376464844,308.97515869140625,http://www.city.kyoto.jp/kotsu/busdia/m/203033.shtm
4866457228_jpg.rf.79593c703cf7b8d89defd3956865c5e9,,,,,,,,,,
2237236048_jpg.rf.7891d4df6cf83dbf40f00a104c2f141c,,,,,,,,,,
IMG_20220601_165037_jpg.rf.7912fe66b262a004aec3605bf711065e,,,,,,,,,,
bright_spotsimage006_jpg.rf.79971e09cb948a34fe928efe144f79d3,0,375.4835205078125,384.6416015625,455.8498229980469,384.6416015625,455.8498229980469,448.0250549316406,375.4835205078125,448.0250549316406,
bright_spotsimage006_jpg.rf.79971e09cb948a34fe928efe144f79d3,1,407.97454833984375,303.99444580078125,476.825439453125,303.99444580078125,476.825439453125,356.00555419921875,407.97454833984375,356.00555419921875,
5061085271_jpg.rf.79ffd79f7fd39cd0e13c196ef38a0ca9,0,161.78875732421875,78.26995849609375,482.21124267578125,78.26995849609375,482.21124267578125,487.73004150390625,161.78875732421875,487.73004150390625,http://www.usfca.edu/library/m/studyrooms/
damagedimage017_jpg.rf.795423410ac6efa56815dafdfe22a7c7,,,,,,,,,,
monitorimage017_jpg.rf.7994f76a886babc164877a2b77278634,0,36.570396423339844,21.467208862304688,601.4296264648438,21.467208862304688,601.4296264648438,616.5327758789062,36.570396423339844,616.5327758789062,This is a computer generated QR Code
IMG_20220530_165023_jpg.rf.7a87691b1a7be7a818289220066c24c5,,,,,,,,,,
4454572654_jpg.rf.79428ae319accd118055f18b59276d5b,0,420.4229431152344,346.516845703125,561.5770263671875,346.516845703125,561.5770263671875,498.483154296875,420.4229431152344,498.483154296875,
5030691999_jpg.rf.7caac99eff12fe4a4bdcd638c22af74c,,,,,,,,,,
nominalimage052_jpg.rf.7944de5ac6766b614b8a641b197c64b7,0,168.49331665039062,94.73387145996094,451.5066833496094,94.73387145996094,451.5066833496094,375.26611328125,168.49331665039062,375.26611328125,
5260442793_jpg.rf.78c742fa80e9b5a6481e83d7445ebfac,0,44.14643859863281,433.4619445800781,178.8535614013672,433.4619445800781,178.8535614013672,593.5380249023438,44.14643859863281,593.5380249023438,http://murrayhill.wikispaces.com/Book_Review
5260442793_jpg.rf.78c742fa80e9b5a6481e83d7445ebfac,1,48.88230895996094,154.80499267578125,185.11769104003906,154.80499267578125,185.11769104003906,319.19500732421875,48.88230895996094,319.19500732421875,http://murrayhill.wikispaces.com/Book_Review
4243_W4SXbWkZB_jpg.rf.7ac640fc5ae4910a4f705a20d8e5f42e,0,95.25271606445312,84.20052337646484,516.747314453125,84.20052337646484,516.747314453125,490.7994689941406,95.25271606445312,490.7994689941406,http://lubes.id/191/W4SXbWkZB
2644756437_jpg.rf.7a10d6572752f00f4bd1c10d9ee8f4c3,0,283.21142578125,250.09336853027344,366.78857421875,250.09336853027344,366.78857421875,360.9066162109375,283.21142578125,360.9066162109375,http://www.asakusananbushokokankokyokai.com
curvedimage021_jpg.rf.797bdecf736aa3e5f237c574673c76d3,0,294.525390625,86.07518005371094,623.474609375,86.07518005371094,623.474609375,369.9248046875,294.525390625,369.9248046875,
curvedimage021_jpg.rf.797bdecf736aa3e5f237c574673c76d3,1,182.44891357421875,372.6868896484375,455.55108642578125,372.6868896484375,455.55108642578125,572.3131103515625,182.44891357421875,572.3131103515625,
bright_spotsimage032_jpg.rf.7c0ccc5f10b72c53dd51d0d46803aa3b,,,,,,,,,,
IMG_20220604_153559_jpg.rf.7c7654123266bd9088c35347e8301daa,,,,,,,,,,
2639403121_jpg.rf.7c387fc4c21f96cc25f51d690bbf8467,0,388.3540344238281,162.31784057617188,581.6459350585938,162.31784057617188,581.6459350585938,407.6821594238281,388.3540344238281,407.6821594238281,URL:mippin.com/companynews
blurredimage018_jpg.rf.7de18dda291e5c39c2f37b6240d5a27c,0,386.99688720703125,312.228515625,506.60308837890625,312.228515625,506.60308837890625,398.97149658203125,386.99688720703125,398.97149658203125,
blurredimage018_jpg.rf.7de18dda291e5c39c2f37b6240d5a27c,1,94.97174072265625,182.9541473388672,302.62823486328125,182.9541473388672,302.62823486328125,337.8458557128906,94.97174072265625,337.8458557128906,
blurredimage018_jpg.rf.7de18dda291e5c39c2f37b6240d5a27c,2,438.5475769042969,186.643798828125,545.452392578125,186.643798828125,545.452392578125,268.356201171875,438.5475769042969,268.356201171875,
2700335284_jpg.rf.7f1824852b9af696ff342f65a5b28ebf,0,57.48109436035156,169.51174926757812,584.5189208984375,169.51174926757812,584.5189208984375,538.48828125,57.48109436035156,538.48828125,
IMG_20220602_155646_jpg.rf.8191fc2b327cbd17b6510c0e9c24b92d,0,402.09173583984375,404.1031799316406,495.50823974609375,404.1031799316406,495.50823974609375,471.8968200683594,402.09173583984375,471.8968200683594,
perspectiveimage009_jpg.rf.82409d6a71135138085789812979d003,0,253.647705078125,238.4683837890625,324.7522888183594,238.4683837890625,324.7522888183594,403.1316223144531,253.647705078125,403.1316223144531,
blurredimage015_jpg.rf.82044121969a57f40398bf8618c4f2ba,0,180.9931182861328,268.979248046875,329.00689697265625,268.979248046875,329.00689697265625,533.020751953125,180.9931182861328,533.020751953125,
blurredimage015_jpg.rf.82044121969a57f40398bf8618c4f2ba,1,385.6611022949219,289.2030944824219,523.0055541992188,289.2030944824219,523.0055541992188,536.7969360351562,385.6611022949219,536.7969360351562,
5323783003_jpg.rf.81e51dd47f26112385aa2578ece02120,0,216.78578186035156,239.25308227539062,383.2142333984375,239.25308227539062,383.2142333984375,333.7469177246094,216.78578186035156,333.7469177246094,
4296324830_jpg.rf.7d46521fb8231046b24d9a114bd954b1,0,139.02423095703125,79.33682250976562,482.97576904296875,79.33682250976562,482.97576904296875,534.6632080078125,139.02423095703125,534.6632080078125,http://www.mtoynbee.com/
5121116199_jpg.rf.805b4c69b46dbc52b6611470e6dc4125,0,180.0521240234375,188.65325927734375,240.6145477294922,188.65325927734375,240.6145477294922,268.6800842285156,180.0521240234375,268.6800842285156,
IMG_20220601_163433_jpg.rf.7fbad403f1b095940987cf88886b7797,,,,,,,,,,
2595337516_jpg.rf.81100e3bbcc88fe027f0edd08a0342f9,0,263.6980895996094,348.2033386230469,345.1018981933594,348.2033386230469,345.1018981933594,412.99664306640625,263.6980895996094,412.99664306640625,http://japan.linkbox.eu
closeimage039_jpg.rf.803c0888725917f6e32a97de93b671e4,0,27.236534118652344,215.74038696289062,562.7634887695312,215.74038696289062,562.7634887695312,598.2596435546875,27.236534118652344,598.2596435546875,
brightnessimage005_jpg.rf.7f3ba3e61baebff07da134131c02c422,0,400.7950744628906,369.7559509277344,508.2049255371094,369.7559509277344,508.2049255371094,451.2440490722656,400.7950744628906,451.2440490722656,Version 2 QR Code Test Image
brightnessimage005_jpg.rf.7f3ba3e61baebff07da134131c02c422,1,450.5118103027344,265.66436767578125,541.4881591796875,265.66436767578125,541.4881591796875,333.5356140136719,450.5118103027344,333.5356140136719,Version 1 QR
brightnessimage005_jpg.rf.7f3ba3e61baebff07da134131c02c422,2,148.16824340820312,258.06219482421875,325.8317565917969,258.06219482421875,325.8317565917969,390.93780517578125,148.16824340820312,390.93780517578125,
shadowsimage014_jpg.rf.7d95b7408126841703d2f2c54ed756f7,0,247.55868530273438,266.0230407714844,366.84130859375,266.0230407714844,366.84130859375,354.7769470214844,247.55868530273438,354.7769470214844,
curvedimage048_jpg.rf.822b21144faeab1cdf3f49c485185b28,0,178.70294189453125,275.3280029296875,389.29705810546875,275.3280029296875,389.29705810546875,470.6719970703125,178.70294189453125,470.6719970703125,
nominalimage004_jpg.rf.80e35fff1371a3097c7ec31a2d9372eb,0,220.1868438720703,117.23187255859375,325.8131408691406,117.23187255859375,325.8131408691406,293.76812744140625,220.1868438720703,293.76812744140625,
nominalimage004_jpg.rf.80e35fff1371a3097c7ec31a2d9372eb,1,371.110595703125,107.82815551757812,488.889404296875,107.82815551757812,488.889404296875,290.8385009765625,371.110595703125,290.8385009765625,
0475956541_jpg.rf.80bc4406f150f53454e7eb31038b224a,0,144.65301513671875,122.70258331298828,495.34698486328125,122.70258331298828,495.34698486328125,559.2974243164062,144.65301513671875,559.2974243164062,
damagedimage022_jpg.rf.8026b893d49c362fed1bb5eff83cade1,0,121.77720642089844,152.63555908203125,522.2227783203125,152.63555908203125,522.2227783203125,545.3644409179688,121.77720642089844,545.3644409179688,
IMG_20220601_164424_jpg.rf.7d143a87d37755b46f9d3ec6694822ac,,,,,,,,,,
nominalimage007_jpg.rf.7f264b3e07262f14934777bfe7462368,0,197.88050842285156,191.9234619140625,413.1195068359375,191.9234619140625,413.1195068359375,498.0765380859375,197.88050842285156,498.0765380859375,
4920211423_jpg.rf.7e2c08fec5cdc379e965f06c863d7e0e,0,387.6228332519531,393.8358459472656,516.377197265625,393.8358459472656,516.377197265625,494.1641540527344,387.6228332519531,494.1641540527344,http://qrc.me/I3oR2
5327275422_jpg.rf.7f74dc1d85b9e64ae05f13af09a0fc50,0,422.668212890625,452.64617919921875,577.331787109375,452.64617919921875,577.331787109375,577.3538208007812,422.668212890625,577.3538208007812,http://w.mdj.jp/vbu
curvedimage015_jpg.rf.7f5543e536d5b2fcdf7832f90c67a0be,0,260.02862548828125,192.9262237548828,433.97137451171875,192.9262237548828,433.97137451171875,350.67376708984375,260.02862548828125,350.67376708984375,
curvedimage015_jpg.rf.7f5543e536d5b2fcdf7832f90c67a0be,1,290.73724365234375,368.29058837890625,407.26275634765625,368.29058837890625,407.26275634765625,450.70941162109375,290.73724365234375,450.70941162109375,hudson
curvedimage008_jpg.rf.8315e549d6cbf8426a7c591cb5920e28,0,169.16268920898438,150.3740692138672,452.8373107910156,150.3740692138672,452.8373107910156,481.62591552734375,169.16268920898438,481.62591552734375,
IMG_20220529_155840_jpg.rf.81b19992bb67fb0f56cfd9e6ac0cd8f5,,,,,,,,,,
damagedimage009_jpg.rf.8124417c76f821bc8385e972f11c9a7b,0,43.27104949951172,0.0,612.7289428710938,0.0,612.7289428710938,622.6739501953125,43.27104949951172,622.6739501953125,
2780891479_jpg.rf.83b4e10cea60e185c66dc31f3a8181c4,0,146.80540466308594,280.3985900878906,211.19459533691406,280.3985900878906,211.19459533691406,382.26806640625,146.80540466308594,382.26806640625,
blurredimage024_jpg.rf.8306b6e578d0d980e38ffc987ea726e8,0,0.0,6.343109130859375,639.0,6.343109130859375,639.0,639.0,0.0,639.0,
4243671243_jpg.rf.832317088e005e057ba61b0d1401b9ed,0,447.78076171875,264.7635803222656,526.6192626953125,264.7635803222656,526.6192626953125,380.4364318847656,447.78076171875,380.4364318847656,
glareimage045_jpg.rf.84870ee594e34ebb23e7e62d1fb2025b,0,80.43093872070312,104.13703918457031,565.569091796875,104.13703918457031,565.569091796875,531.8629760742188,80.43093872070312,531.8629760742188,
3591651388_jpg.rf.84244d913344b3d5b1a7fb9749d40c3e,0,183.79180908203125,0.0,636.2081909179688,0.0,636.2081909179688,456.47674560546875,183.79180908203125,456.47674560546875,"""I can't understand why people are frightened of new ideas. I'm frightened of the old ones""
John Cage"
5186377903_jpg.rf.892e97452354b63129e1c6f07d1d1df7,,,,,,,,,,
5011175703_jpg.rf.89e937afd12822c98a1c70bc408fe91a,,,,,,,,,,
nominalimage056_jpg.rf.8498906d13b517cbf3e9e56463a7f5ed,0,19.931907653808594,31.135345458984375,639.0,31.135345458984375,639.0,592.8646240234375,19.931907653808594,592.8646240234375,
3352436654_jpg.rf.857c2e52602de56530ecaa22b59fdbc7,0,57.47124481201172,213.17465209960938,416.52874755859375,213.17465209960938,416.52874755859375,628.8253173828125,57.47124481201172,628.8253173828125,
2935843758_jpg.rf.85784e7a25e928d51e741661a580d997,0,258.20465087890625,445.9672546386719,341.7953186035156,445.9672546386719,341.7953186035156,570.6994018554688,258.20465087890625,570.6994018554688,http://www.csoexport.it/mobile
0726754490_jpg.rf.88e43f303c9a19b991752384f5639e0c,,,,,,,,,,
nominalimage054_jpg.rf.89f33edb8aa20d55c47cb1bdd69da8b9,0,113.78980255126953,0.0,562.8768920898438,0.0,562.8768920898438,492.1895446777344,113.78980255126953,492.1895446777344,
glareimage029_jpg.rf.86acb550e09e978129ca3bbe821c9937,0,185.11810302734375,170.09552001953125,406.88189697265625,170.09552001953125,406.88189697265625,513.9044799804688,185.11810302734375,513.9044799804688,
nominalimage029_jpg.rf.83ba8f851ecd9a3e85ce89e6d156b58c,0,64.13304901123047,379.4292297363281,269.866943359375,379.4292297363281,269.866943359375,530.57080078125,64.13304901123047,530.57080078125,0555506635839349055557
nominalimage029_jpg.rf.83ba8f851ecd9a3e85ce89e6d156b58c,1,351.1705017089844,380.1474609375,554.8294677734375,380.1474609375,554.8294677734375,524.8525390625,351.1705017089844,524.8525390625,
4850831714_jpg.rf.860c57735290ce14484c6e1ea57a8e75,0,97.20072937011719,109.63125610351562,490.79925537109375,109.63125610351562,490.79925537109375,618.3687744140625,97.20072937011719,618.3687744140625,
2237238420_jpg.rf.84e15d7acedcaf6f300c0665706fe04b,0,391.7010192871094,212.8660430908203,513.63232421875,212.8660430908203,513.63232421875,318.46728515625,391.7010192871094,318.46728515625,
5189048437_jpg.rf.84a6d64765b8d472519b2a8ad76ba6ce,0,133.16744995117188,85.55197143554688,326.8325500488281,85.55197143554688,326.8325500488281,306.4480285644531,133.16744995117188,306.4480285644531,
glareimage031_jpg.rf.875b77c60fc5cd3d8e2056f6f1efea40,0,108.95317840576172,152.7241973876953,427.04681396484375,152.7241973876953,427.04681396484375,465.27581787109375,108.95317840576172,465.27581787109375,
glareimage020_jpg.rf.872629d1a04192223c6021678d261124,0,185.11810302734375,167.8340301513672,406.88189697265625,167.8340301513672,406.88189697265625,516.1659545898438,185.11810302734375,516.1659545898438,
IMG_20220530_143633_jpg.rf.8b5a9c461dd740949f92ff73549ec99e,,,,,,,,,,
2968003304_jpg.rf.8a6294255f8966fec01a69641f4d77f3,0,327.47076416015625,312.70343017578125,428.52923583984375,312.70343017578125,428.52923583984375,448.29656982421875,327.47076416015625,448.29656982421875,http://avin.cc/m/AVIN3921722947343
2968003304_jpg.rf.8a6294255f8966fec01a69641f4d77f3,1,451.8240051269531,152.09866333007812,552.176025390625,152.09866333007812,552.176025390625,285.9013366699219,451.8240051269531,285.9013366699219,http://avin.cc/m/AVIN3921722947343
2968003304_jpg.rf.8a6294255f8966fec01a69641f4d77f3,2,454.16259765625,312.84857177734375,551.83740234375,312.84857177734375,551.83740234375,447.15142822265625,454.16259765625,447.15142822265625,http://avin.cc/m/AVIN3921722947343
2968003304_jpg.rf.8a6294255f8966fec01a69641f4d77f3,3,326.71099853515625,151.947998046875,427.28900146484375,151.947998046875,427.28900146484375,286.052001953125,326.71099853515625,286.052001953125,http://avin.cc/m/AVIN3921722947343
2968003304_jpg.rf.8a6294255f8966fec01a69641f4d77f3,4,201.7391357421875,152.9736785888672,301.2608642578125,152.9736785888672,301.2608642578125,287.02630615234375,201.7391357421875,287.02630615234375,http://avin.cc/m/AVIN3921722947343
2968003304_jpg.rf.8a6294255f8966fec01a69641f4d77f3,5,203.10382080078125,314.12518310546875,301.89617919921875,314.12518310546875,301.89617919921875,447.87481689453125,203.10382080078125,447.87481689453125,http://avin.cc/m/AVIN3921722947343
IMG_20220604_165217_jpg.rf.8a7dd6f9d71879d0b5855e7f1fa62bd6,0,278.9757995605469,313.10284423828125,371.0242004394531,313.10284423828125,371.0242004394531,370.89715576171875,278.9757995605469,370.89715576171875,
3197426888_jpg.rf.877024054249db0f3acb7561e2ef8ae3,,,,,,,,,,
4721050415_jpg.rf.85b59fafc5b318b0c0cb8feb7d4ccf9d,,,,,,,,,,
IMG_20220601_164932_jpg.rf.8594bcdd3d5ec7c5ff94134cfc0e50a6,,,,,,,,,,
IMG_20220601_164449_jpg.rf.8c404f515af2a885b14f96a0f5b2ed59,0,357.4519348144531,220.46145629882812,414.1481018066406,220.46145629882812,414.1481018066406,263.5385437011719,357.4519348144531,263.5385437011719,
curvedimage012_jpg.rf.8a27dca70fefc676a2bb953581ac5b9e,0,202.95172119140625,285.48443603515625,437.04827880859375,285.48443603515625,437.04827880859375,438.51556396484375,202.95172119140625,438.51556396484375,
3043837346_jpg.rf.8d7a986d0d108aa86a0ad8b2df9e8d19,0,534.0357055664062,275.8413391113281,639.0,275.8413391113281,639.0,392.8253173828125,534.0357055664062,392.8253173828125,
damagedimage002_jpg.rf.8c526eb516316645843f4c3d67442e66,0,235.88336181640625,208.96353149414062,410.11663818359375,208.96353149414062,410.11663818359375,421.0364685058594,235.88336181640625,421.0364685058594,
damagedimage002_jpg.rf.8c526eb516316645843f4c3d67442e66,1,453.01824951171875,220.58932495117188,602.5817260742188,220.58932495117188,602.5817260742188,416.61065673828125,453.01824951171875,416.61065673828125,kooTEK
2648794367_jpg.rf.8972d1de42457c855ef226095ab46d4f,0,192.4474639892578,249.72076416015625,270.2192077636719,249.72076416015625,270.2192077636719,322.9458923339844,192.4474639892578,322.9458923339844,00010425536353552762
5097179856_jpg.rf.8d7388378de921652c5a25503726ab27,0,193.2949981689453,236.1497039794922,307.70501708984375,236.1497039794922,307.70501708984375,419.85028076171875,193.2949981689453,419.85028076171875,
5097179856_jpg.rf.8d7388378de921652c5a25503726ab27,1,358.6082458496094,224.98281860351562,466.99176025390625,224.98281860351562,466.99176025390625,424.2171936035156,358.6082458496094,424.2171936035156,
perspectiveimage028_jpg.rf.8c6c6498ea17d619b7fa9adda3944021,,,,,,,,,,
shadowsimage006_jpg.rf.8c63ba474811b5f6b4ace3eba8a695fd,0,375.9315490722656,367.5304260253906,554.0684204101562,367.5304260253906,554.0684204101562,504.4695739746094,375.9315490722656,504.4695739746094,Version 1 QR
high_versionimage023_jpg.rf.8d9199b45beee70ad45efb1923ab335b,0,27.564197540283203,14.495723724365234,617.435791015625,14.495723724365234,617.435791015625,596.5042724609375,27.564197540283203,596.5042724609375,
perspectiveimage032_jpg.rf.8e08268935aae5060b0d52369fea7d94,,,,,,,,,,
3830980843_jpg.rf.8d414d14fa8d83fd6632815b3539fbd2,0,160.90391540527344,83.05867767333984,449.0960998535156,83.05867767333984,449.0960998535156,514.9413452148438,160.90391540527344,514.9413452148438,http://streetartdealer.com/launch
curvedimage032_jpg.rf.8e28b362c31f3f135e18472ad59dbe49,0,211.65234375,279.23724365234375,377.54766845703125,279.23724365234375,377.54766845703125,421.9627380371094,211.65234375,421.9627380371094,
glareimage049_jpg.rf.8e63c1beeb557426e459573c4a30529e,0,72.67141723632812,97.75008392333984,618.6619262695312,97.75008392333984,618.6619262695312,612.2499389648438,72.67141723632812,612.2499389648438,
shadowsimage002_jpg.rf.8e5c37ca0e39369b85c67af9ff885506,0,464.9087219238281,270.0500183105469,636.4246215820312,270.0500183105469,636.4246215820312,397.9499816894531,464.9087219238281,397.9499816894531,Version 2 QR Code Test Image
shadowsimage002_jpg.rf.8e5c37ca0e39369b85c67af9ff885506,1,51.996925354003906,91.80193328857422,330.0030822753906,91.80193328857422,330.0030822753906,312.19805908203125,51.996925354003906,312.19805908203125,
2236525717_jpg.rf.8d69713710ec3c45918cd1e3b9dc4627,0,256.302490234375,289.94586181640625,367.697509765625,289.94586181640625,367.697509765625,378.05413818359375,256.302490234375,378.05413818359375,
4859558749_jpg.rf.8d0587d9b2eedb9dfdb3b87eedbdd9c4,0,166.6349639892578,16.49625015258789,467.3650207519531,16.49625015258789,467.3650207519531,301.5037536621094,166.6349639892578,301.5037536621094,
0512478834_jpg.rf.8eabda1b0f438ffa0b034dc0613a50ff,0,234.6650848388672,526.6651000976562,316.534912109375,526.6651000976562,316.534912109375,608.534912109375,234.6650848388672,608.534912109375,"Deine Geldboerse, Fussabdruck im Beet, Kaugummi"
4298012464_jpg.rf.8f2e98cdc4be9e0a287d512680e4aaac,0,120.03620147705078,203.7999725341797,201.29713439941406,203.7999725341797,201.29713439941406,316.2000427246094,120.03620147705078,316.2000427246094,
1476633170_jpg.rf.8e135f55b30e5b78a1332cdaf97685c2,0,256.06134033203125,254.1946563720703,369.53863525390625,254.1946563720703,369.53863525390625,429.00537109375,256.06134033203125,429.00537109375,http://totalart.mobi/warhol
5106272494_jpg.rf.853bae1a93a8231de0b72b3f488da764,0,146.57583618164062,393.4921875,236.2241668701172,393.4921875,236.2241668701172,458.5078125,146.57583618164062,458.5078125,http://tier1-nyc.com
